[
 {
   "movie_seq": 11,
   "review_seq": 0,
   "star_score": 10,
   "document": "지금 겨울왕국을 볼 때가 아닙니다",
   "label": 1
 },
 {
   "movie_seq": 11,
   "review_seq": 1,
   "star_score": 10,
   "document": "여주 이 영화는 너무 노잼 입니다 우웩",
   "label": 1
 },
 {
   "movie_seq": 11,
   "review_seq": 2,
   "star_score": 10,
   "document": "번역은 역시 갓석희추리소설 보는 느낌이고너무 몰입감있게 봤어요역시 인성이 ㅤㅊㅚㄱ오인것을 다시 한번 생각한 작품",
   "label": 1
 },
 {
   "movie_seq": 11,
   "review_seq": 3,
   "star_score": 10,
   "document": "이 영화가 시간 분짜리였다니",
   "label": 1
 },
 {
   "movie_seq": 11,
   "review_seq": 4,
   "star_score": 10,
   "document": "본능 적으로 친절하고 착한 사람은 거짓과 악의에 놀아나지 않지",
   "label": 1
 },
 {
   "movie_seq": 11,
   "review_seq": 5,
   "star_score": 10,
   "document": "너무 재밌게 봤어요 스토리 예상가나 싶었는데 그래도 놀라는 반전이있는 ㅎㅎ 다니엘 크레이그보다 난 크리스 에반스가 더 멋짐 캡틴과는 다른 매력에 너무 놀랐음",
   "label": 1
 },
 {
   "movie_seq": 11,
   "review_seq": 6,
   "star_score": 8,
   "document": "명료한 주제 미국사회를 집 한채에 담은 코믹 풍자극",
   "label": 1
 },
 {
   "movie_seq": 11,
   "review_seq": 7,
   "star_score": 10,
   "document": "지금 극장에서 하는것중에 제일 재밌네",
   "label": 1
 },
 {
   "movie_seq": 11,
   "review_seq": 8,
   "star_score": 9,
   "document": "뻔한건 같지만 뻔하지 않은 현대스타일로 변주한 고전 추리 소설",
   "label": 1
 },
 {
   "movie_seq": 11,
   "review_seq": 9,
   "star_score": 10,
   "document": "소품 예쁘고 크리스에반스도 예쁘고",
   "label": 1
 },
 {
   "movie_seq": 11,
   "review_seq": 10,
   "star_score": 7,
   "document": "클리셰를 영리하게 피해가는 레트로 추리극",
   "label": 1
 },
 {
   "movie_seq": 11,
   "review_seq": 11,
   "star_score": 10,
   "document": "스크린독점에 밀린 불운의 명작",
   "label": 1
 },
 {
   "movie_seq": 11,
   "review_seq": 12,
   "star_score": 8,
   "document": "간만에 쫄깃한 추리 수사극을 볼수 있었습니다명 배우들의 연기에 시간 가는 줄 몰랐네요올해 본 영화중 가장 만족도 높은 영화였습니다",
   "label": 1
 },
 {
   "movie_seq": 11,
   "review_seq": 13,
   "star_score": 9,
   "document": "탐정에게서 인간미가 느껴졌습니다 그리고 착한 사람은 그 댓가를 받는다는 것도 좋았어요",
   "label": 1
 },
 {
   "movie_seq": 11,
   "review_seq": 14,
   "star_score": 9,
   "document": "등장인물 이름 얼굴 익히느라 초반은 신경쓰느라 늘어졌지만 뒤로갈수록 시간가는 줄 모르고 봤다 최근들에 정말 재밌게 본 영화 중 하나",
   "label": 1
 },
 {
   "movie_seq": 11,
   "review_seq": 15,
   "star_score": 9,
   "document": "연출 연기 스토리 영상미 모두 수준급 영화대저택 살인 사건이니만큼 실내의 미쟝센도 훌륭하다추리 장르 영화가 가져야 할 분위기를 잘 살렸다시간 남짓의 러닝타임이 짧게 느껴질 정도로 몰입감도 훌륭추리외에 중요한 드라마",
   "label": 1
 },
 {
   "movie_seq": 11,
   "review_seq": 16,
   "star_score": 10,
   "document": "방금 봤는데 스토리 연기 다 최고다",
   "label": 1
 },
 {
   "movie_seq": 11,
   "review_seq": 17,
   "star_score": 10,
   "document": "품격있는 스릴러 영상미 음악도 훌륭했음",
   "label": 1
 },
 {
   "movie_seq": 11,
   "review_seq": 18,
   "star_score": 10,
   "document": "피 한 방울로 만들어진 작은 구멍",
   "label": 1
 },
 {
   "movie_seq": 11,
   "review_seq": 19,
   "star_score": 10,
   "document": "오랜만에 점 준다",
   "label": 1
 },
 {
   "movie_seq": 11,
   "review_seq": 20,
   "star_score": 8,
   "document": "보는 내내 몰입이 잘 되었고 마지막에 살짝 반전도 있고 코믹포인트가 있어 요근래 들어 볼만한 영화였다고 생각합니다",
   "label": 1
 },
 {
   "movie_seq": 11,
   "review_seq": 21,
   "star_score": 9,
   "document": "클래식한데 진부하진 않아요 재미있어요",
   "label": 1
 },
 {
   "movie_seq": 11,
   "review_seq": 22,
   "star_score": 10,
   "document": "한 편의 추리소설을 읽은 기분이다    ",
   "label": 1
 },
 {
   "movie_seq": 11,
   "review_seq": 23,
   "star_score": 10,
   "document": "재밌습니다 상영관 수가 아쉬울뿐ㅠㅠ",
   "label": 1
 },
 {
   "movie_seq": 11,
   "review_seq": 24,
   "star_score": 10,
   "document": "초반에 좀 지루하다 생각했는데 갈수록 너무 재밌음",
   "label": 1
 },
 {
   "movie_seq": 11,
   "review_seq": 25,
   "star_score": 7,
   "document": "오랜만에 매력적인 추리물 잘 보고 왔습니다",
   "label": 1
 },
 {
   "movie_seq": 11,
   "review_seq": 26,
   "star_score": 10,
   "document": "그냥 재밌다 졸라 재밌다 ㅋㅋ",
   "label": 1
 },
 {
   "movie_seq": 11,
   "review_seq": 27,
   "star_score": 10,
   "document": "결국 착한 선택이 선한사람을 만듦",
   "label": 1
 },
 {
   "movie_seq": 11,
   "review_seq": 28,
   "star_score": 10,
   "document": "처음부터 끝까지 시간 가는 줄 모르고 봄 시리즈 제작 논의중이라는데 이거 꼭 보세요들 진짜 ㅠ",
   "label": 1
 },
 {
   "movie_seq": 11,
   "review_seq": 29,
   "star_score": 9,
   "document": "추리소설 본거같은느낌",
   "label": 1
 },
 {
   "movie_seq": 11,
   "review_seq": 30,
   "star_score": 10,
   "document": "재밌음 왜 흥행 안 했지",
   "label": 1
 },
 {
   "movie_seq": 11,
   "review_seq": 31,
   "star_score": 10,
   "document": "캡틴 아메리카로만 알다가 여기서 보니까 완전 딴사람이더군",
   "label": 1
 },
 {
   "movie_seq": 11,
   "review_seq": 32,
   "star_score": 10,
   "document": "정말 재밌네요 유명한 배우들이 워낙 많이 나와서 본건데 스토리가 너무 탄탄하고 지루한 부분이 없어서 시간 가는줄 모르고 봤습니다 반전이 있으니 스포당하지 말고 얼른 가서 보세요",
   "label": 1
 },
 {
   "movie_seq": 11,
   "review_seq": 33,
   "star_score": 10,
   "document": "간만에 너무 탄탄한 스토리우아끝까지 반전우리나라도 이제 조폭과 욕빼고 좀 ",
   "label": 1
 },
 {
   "movie_seq": 11,
   "review_seq": 34,
   "star_score": 10,
   "document": "간만에 퀄리티 높은 추리영화 등장 소설책 한권 읽는 느낌이었어요",
   "label": 1
 },
 {
   "movie_seq": 11,
   "review_seq": 35,
   "star_score": 9,
   "document": "재밌게 잘 봤습니다",
   "label": 1
 },
 {
   "movie_seq": 11,
   "review_seq": 36,
   "star_score": 9,
   "document": "오랜만에 흥미진진한 재밌는 영화 본 것 같아요 영화시간이 긴데 그렇게 안느껴졌어요",
   "label": 1
 },
 {
   "movie_seq": 11,
   "review_seq": 37,
   "star_score": 8,
   "document": "한번쯤볼만한영화 나름 스토리 짜임새있게 잘만들었다고생각",
   "label": 1
 },
 {
   "movie_seq": 11,
   "review_seq": 38,
   "star_score": 9,
   "document": "꿀잼입니다 스토리탄탄",
   "label": 1
 },
 {
   "movie_seq": 11,
   "review_seq": 39,
   "star_score": 10,
   "document": "정말 이런게 영화고 이런게 시나리오지 정말 반전의 반전 탄탄한 스토리 뻔하지 않은 결말 정말 정말 너무 좋았음술 마시고나서 보려는거 마시기 전에 봤는데 제정신에 보기를 너무 잘했음 하나하나 복선이나 그런것들 ",
   "label": 1
 },
 {
   "movie_seq": 11,
   "review_seq": 40,
   "star_score": 10,
   "document": "안 보면 손해인 고품격 스릴러",
   "label": 1
 },
 {
   "movie_seq": 11,
   "review_seq": 41,
   "star_score": 8,
   "document": "기대가 넘 컸었는지그래도 고택의 분위기는 좋았어요",
   "label": 1
 },
 {
   "movie_seq": 11,
   "review_seq": 42,
   "star_score": 8,
   "document": "영화보다가 핸드폰을 켜서 시간을 봤다 너무 재밌어서 시간이 안갔으면 했다",
   "label": 1
 },
 {
   "movie_seq": 11,
   "review_seq": 43,
   "star_score": 8,
   "document": "기대 없이 봤는데 생각보다 몰입감이 있었어요 연출이 쫀쫀하고 배우들 보는 재미가 있어요",
   "label": 1
 },
 {
   "movie_seq": 11,
   "review_seq": 44,
   "star_score": 10,
   "document": "ㅎㅎ재밌어요 웃기고 스릴있고배우들 연기력도 최고 ㅋㅋㅋ마지막에 나름 카타르시스",
   "label": 1
 },
 {
   "movie_seq": 11,
   "review_seq": 45,
   "star_score": 9,
   "document": "진짜 시간 가는 줄 모름ㅜ ㅜ 추리 좋아하는 사람한테는 완전 잘 맞는 영화",
   "label": 1
 },
 {
   "movie_seq": 11,
   "review_seq": 46,
   "star_score": 8,
   "document": "추리영화의 색다른 전개가 인상적",
   "label": 1
 },
 {
   "movie_seq": 11,
   "review_seq": 47,
   "star_score": 10,
   "document": "기대안하고 봤는데 너무 재밌게 본 추리영화",
   "label": 1
 },
 {
   "movie_seq": 11,
   "review_seq": 48,
   "star_score": 10,
   "document": "추리 영화의 단점은 스포 없이 재밌음을 설명하기 어렵다는 부분인 것 같아요 정말 재밌어요",
   "label": 1
 },
 {
   "movie_seq": 11,
   "review_seq": 49,
   "star_score": 10,
   "document": "간만에 영화다운 영화를 보았습니다 지루할 시간도 없이 휙하고 지나가네요 잘봤습니다 감사합니다",
   "label": 1
 },
 {
   "movie_seq": 11,
   "review_seq": 50,
   "star_score": 7,
   "document": "작고 귀여운 현다이로 추격신을 완성해보자",
   "label": 1
 }
]