[
 {
   "moive_seq": 12,
   "review_seq": 0,
   "star_score": 10,
   "document": "진심으로 배경이 놀라웠다 영화를 보면서 내가 그안에 있는 기분을 느껴보았다 그리고 배우들이 더빙했는데 몰입감이 장난아니였다 특히 나는 타키목소리도 좋았지만 미츠하의 목소리는 진짜 캐릭터하고 잘어울렸다마지막으로 레",
   "label": 1
 },
 {
   "moive_seq": 12,
   "review_seq": 1,
   "star_score": 7,
   "document": "남주 여주가 서로 빠져드는 과정이 많이 생략되어있는것 같아요",
   "label": 1
 },
 {
   "moive_seq": 12,
   "review_seq": 2,
   "star_score": 10,
   "document": "뛰어난 작화와 좋은  정말 만족스러웠습니다",
   "label": 1
 },
 {
   "moive_seq": 12,
   "review_seq": 3,
   "star_score": 10,
   "document": "정말 정말 재밌었습니다",
   "label": 1
 },
 {
   "moive_seq": 12,
   "review_seq": 4,
   "star_score": 10,
   "document": "진짜 너무좋음 또보러 갈거",
   "label": 1
 },
 {
   "moive_seq": 12,
   "review_seq": 5,
   "star_score": 10,
   "document": "내인생 최고의 극장 애니메이션",
   "label": 1
 },
 {
   "moive_seq": 12,
   "review_seq": 6,
   "star_score": 9,
   "document": "눈부신 경험이다 서로를 알아본다는 것은",
   "label": 1
 },
 {
   "moive_seq": 12,
   "review_seq": 7,
   "star_score": 10,
   "document": "구름의 저편 약속의 장소 초속  별을 쫓는 아이 언어의 정원 이 모두를 긁어 모아 포텐 터뜨린 신카이 마코토의 역작 중간 중간 숨어있는 전작들의 흔적에 감독의 독함을 제대로 느낄 수 있음 일본 장편애니",
   "label": 1
 },
 {
   "moive_seq": 12,
   "review_seq": 8,
   "star_score": 10,
   "document": "마음이 풋풋해지는 스토리 미친듯한 작화 영화와 너무 어울리는 삽입곡 괜시리 청춘에 나도 물들여지는 느낌 영화관 나오자마자 아 한번 더 보고싶다라고 생각했음",
   "label": 1
 },
 {
   "moive_seq": 12,
   "review_seq": 9,
   "star_score": 9,
   "document": "바뀐후의 이야기가 쪼끔 만더길었으면하는 아쉬움이살짝",
   "label": 1
 },
 {
   "moive_seq": 12,
   "review_seq": 10,
   "star_score": 10,
   "document": "드디어 평점을 쓸수 있게 ㅤㄷㅚㅆ네요 월 일날 보고왔고 오늘 다시 보러 갑니다 일 지났는데 영화를 볼 때 느꼈던 감정들과 여운이 사라지지를 않네요 스토리는 호불호좀 갈릴 수 있지만 전 정말 재미있었고 영상미 ",
   "label": 1
 },
 {
   "moive_seq": 12,
   "review_seq": 11,
   "star_score": 8,
   "document": "분만 분량이 늘었으면 좋았을텐데",
   "label": 1
 },
 {
   "moive_seq": 12,
   "review_seq": 12,
   "star_score": 10,
   "document": "꿀잼이다 일본에서 만명이 봤다고 해서 뭐가 그리 대단한거지 하는 궁금증에 너무 기대하면 실망할 것 같아서 아무 생각없이 보고 왔는데 꿀잼이다 또 보러 갈 의향도 있다",
   "label": 1
 },
 {
   "moive_seq": 12,
   "review_seq": 13,
   "star_score": 10,
   "document": "센과치히로와 하울 다음으로 이런 애니메이션 영화는 처음",
   "label": 1
 },
 {
   "moive_seq": 12,
   "review_seq": 14,
   "star_score": 10,
   "document": "두번 보아도 표값이 아깝지 않은 영화",
   "label": 1
 },
 {
   "moive_seq": 12,
   "review_seq": 15,
   "star_score": 8,
   "document": "후반부 집중도가 좋았어요",
   "label": 1
 },
 {
   "moive_seq": 12,
   "review_seq": 16,
   "star_score": 5,
   "document": "사랑에 빠지는 전개의 설명이 약간 부족합니다",
   "label": 0
 },
 {
   "moive_seq": 12,
   "review_seq": 17,
   "star_score": 10,
   "document": "개봉 후 한번 더 보러가고 싶은 영화 개봉했으니 보러가야지",
   "label": 1
 },
 {
   "moive_seq": 12,
   "review_seq": 18,
   "star_score": 9,
   "document": "선정 올해의 영화 위입니다",
   "label": 1
 },
 {
   "moive_seq": 12,
   "review_seq": 19,
   "star_score": 9,
   "document": "아무기대도 안하고 가서 봐서인지 볼만하네요 맨날 부수고 전쟁하는 영화들 속에서 가끔은 이런거 봐줘야죠",
   "label": 1
 },
 {
   "moive_seq": 12,
   "review_seq": 20,
   "star_score": 10,
   "document": "국내 년 상반기 최고의 영화",
   "label": 1
 },
 {
   "moive_seq": 12,
   "review_seq": 21,
   "star_score": 10,
   "document": "이건 진짜다",
   "label": 1
 },
 {
   "moive_seq": 12,
   "review_seq": 22,
   "star_score": 8,
   "document": "시간을 초월하는 간절한 사랑 지금 우리가 갈구하는 지점을 정확히 꿰뚫고 지나간 혜성의 조각",
   "label": 1
 },
 {
   "moive_seq": 12,
   "review_seq": 23,
   "star_score": 10,
   "document": "년 첫영화가 이것이라는 것에 너무 좋다",
   "label": 1
 },
 {
   "moive_seq": 12,
   "review_seq": 24,
   "star_score": 10,
   "document": "마코토의 작품 엔딩이 만족스러운 적은 거의 없었지만 너의 이름은 은 예외였다 애절함 안타까움이 주였지만 묘한 행복함도 있었기에 매우 만족 스러움",
   "label": 1
 },
 {
   "moive_seq": 12,
   "review_seq": 25,
   "star_score": 10,
   "document": "아 진짜 잘봤습니다 점 아깝지 않아요",
   "label": 1
 },
 {
   "moive_seq": 12,
   "review_seq": 26,
   "star_score": 10,
   "document": "진짜 재미있네요 미쳤다고밖에 이야기가 안나옵니다 이런걸 극장에서 내돈주고 본다는사실이 너무 감사하더라고요 꼭보세요 두번보세요",
   "label": 1
 },
 {
   "moive_seq": 12,
   "review_seq": 27,
   "star_score": 10,
   "document": "최고다 기대이상임 다시볼 생각이다",
   "label": 1
 },
 {
   "moive_seq": 12,
   "review_seq": 28,
   "star_score": 10,
   "document": "잔잔한 그러면서 울컥하게하는근래 최고의 영화",
   "label": 1
 },
 {
   "moive_seq": 12,
   "review_seq": 29,
   "star_score": 10,
   "document": "끝나고나서 원작사러갔습니다",
   "label": 1
 },
 {
   "moive_seq": 12,
   "review_seq": 30,
   "star_score": 10,
   "document": "나의 이름을 물어볼 그 사람을 꿈꾸게 하는 영화",
   "label": 1
 },
 {
   "moive_seq": 12,
   "review_seq": 31,
   "star_score": 9,
   "document": "마코토감독이 색깔을 살짝 버린 느낌대중과의 타협인듯 좋음",
   "label": 1
 },
 {
   "moive_seq": 12,
   "review_seq": 32,
   "star_score": 10,
   "document": "아니 완전 재미있기만 한데 진부한 스토리 부족한 개연성 이런거 따지쉬는 분들이 생각하는 명작은 대체 어떤건지 꼭좀 적어주세요 그것좀 보러가게이거보다 더 명작이면 지갑을 탈탈 털어불랑게",
   "label": 1
 },
 {
   "moive_seq": 12,
   "review_seq": 33,
   "star_score": 10,
   "document": "너의 이름은 이라고 외쳤을때 마지막 여주 남주의 눈빛은 잊을수가 없다 애니메이션치고는 잘만든 영화",
   "label": 1
 },
 {
   "moive_seq": 12,
   "review_seq": 34,
   "star_score": 9,
   "document": "그림도 언어도 그 안의 의미들도 모두 훌륭하네요",
   "label": 1
 },
 {
   "moive_seq": 12,
   "review_seq": 35,
   "star_score": 10,
   "document": "감성적이신 분들이 보면 눈물 많이 흘릴거같아요",
   "label": 1
 },
 {
   "moive_seq": 12,
   "review_seq": 36,
   "star_score": 10,
   "document": "번이나 봤지만 전혀 질리지 않는 내 인생 영화",
   "label": 1
 },
 {
   "moive_seq": 12,
   "review_seq": 37,
   "star_score": 10,
   "document": "이 영화가 여러분의 최고의 애니메이션이 될지는 모르겠지만 여러분이 이제까지 기존 애니메이션에서 보지 못했던 화려하고 아름다운 무언가를 보여줄 수는 있을 겁니다 강력하게 추천드리겠습니다",
   "label": 1
 },
 {
   "moive_seq": 12,
   "review_seq": 38,
   "star_score": 8,
   "document": "신림 롯데시네마 일 목요일 저녁 시 분 열  번에 앉은 커플 아가리 싸물고좀 봐라ㅡㅡ무슨 정신병자들 마냥 감동적인 순간 나올 때 마다 크 꿀잼 ㅤㅋㅣㅋㅤㅋㅣㅋㅤㅋㅣㅋ 또 술마셔야돼 주의줘도 계속 이러면서 시끄럽",
   "label": 1
 },
 {
   "moive_seq": 12,
   "review_seq": 39,
   "star_score": 1,
   "document": "이걸 지금 더빙영화라고 내놓은건가요 어떻게 타키한테 미츠하 들어갔을땐 별로 어색하지않았는데 본인캐릭터 시작하는순간 왜 복학생이 튀어나오죠 게다가 초반 목소리 느낌이랑 후반 목소리 느낌은 전혀틀리고 무슨 나레이",
   "label": 0
 },
 {
   "moive_seq": 12,
   "review_seq": 40,
   "star_score": 10,
   "document": "저보다 많이 보신분 있으시겠지만 현재 번 봤습니다유료시사회 세번 코엑스 무대인사에서 한번 보고 나머지 두번은 무대인사 마냥 기다리기 지루해서 봤는데 재미있습니다 한번쯤은 볼만하다고 생각합니다 추천드려요",
   "label": 1
 },
 {
   "moive_seq": 12,
   "review_seq": 41,
   "star_score": 1,
   "document": "더빙은 성우가 하심이 더 좋을 듯 해요 섬세한 감정선이 보이지 않아서 아쉬웠어요",
   "label": 0
 },
 {
   "moive_seq": 12,
   "review_seq": 42,
   "star_score": 10,
   "document": "다시봐도 감명 깊은작품",
   "label": 1
 },
 {
   "moive_seq": 12,
   "review_seq": 43,
   "star_score": 10,
   "document": "와 디시에서 스포하는 들아 그러지마라 물론 난 스포당하기전에 오늘 영화관에서 봄 ",
   "label": 1
 },
 {
   "moive_seq": 12,
   "review_seq": 44,
   "star_score": 1,
   "document": "미디어캐슬도 빼박 쓰레기지만 일거리 생겼다고 좋다고 덥썩 무는 비전문 연예인 련놈들도 문제다 그딴 식으로 같이 더빙할거면 손댈 생각도 하지마라",
   "label": 0
 },
 {
   "moive_seq": 12,
   "review_seq": 45,
   "star_score": 1,
   "document": "더빙별로이다",
   "label": 0
 },
 {
   "moive_seq": 12,
   "review_seq": 46,
   "star_score": 10,
   "document": "그냥 말필요없이 나중에 자기가 입벌리고있다는걸 알게될겁니다 세번봐선 만족못할정도입니다 더봐야겠네요",
   "label": 1
 },
 {
   "moive_seq": 12,
   "review_seq": 47,
   "star_score": 10,
   "document": "잘 봤습니다 배경이 정말 좋네요",
   "label": 1
 },
 {
   "moive_seq": 12,
   "review_seq": 48,
   "star_score": 1,
   "document": "소재가 독특해서 처음엔 재밌었는데 중간중간 벌려놓은 판을 못수습한듯 서로 좋아하는계기도없고 썸도없고 마무리만 잘했더라도 이런 답답함은 없었을텐데 계속 서로 이름까먹는거 보다가 답답해서 이름외쳐줄뻔",
   "label": 0
 },
 {
   "moive_seq": 12,
   "review_seq": 49,
   "star_score": 10,
   "document": "메마른 연애감정 깨워준 영화네요 재밌어요 ㅎㅎ",
   "label": 1
 },
 {
   "moive_seq": 12,
   "review_seq": 50,
   "star_score": 10,
   "document": "두번째 보는건데 여전히 개꿀잼",
   "label": 1
 }
]