[
 {
   "movie_seq": 14,
   "review_seq": 0,
   "star_score": 10,
   "document": "손예진 연기 너무 잘함ㅠㅠ",
   "label": 1
 },
 {
   "movie_seq": 14,
   "review_seq": 1,
   "star_score": 10,
   "document": "재밌다길래 조조로 보고 나왔는데 아침부터 펑펑 울다 나왔어요잊지말아야할 가슴아픈 역사 가슴이 먹먹하네요",
   "label": 1
 },
 {
   "movie_seq": 14,
   "review_seq": 2,
   "star_score": 10,
   "document": "펑펑울다 나온 영화 역사보다는 한 여인의 일생을 담아 더 이입되서 본영화꼭 봐야할 영화",
   "label": 1
 },
 {
   "movie_seq": 14,
   "review_seq": 3,
   "star_score": 10,
   "document": "기대했던영화였는데 역시 기대감 충족 흥행했으면 좋겠네여",
   "label": 1
 },
 {
   "movie_seq": 14,
   "review_seq": 4,
   "star_score": 10,
   "document": "집에 가고 싶다는데 엄마 보고 싶다는데 휴 무슨 정치적 계산이 뭐가 그렇게 중요하다고 입국 막은 이승만 정부 끝까지 치졸하다",
   "label": 1
 },
 {
   "movie_seq": 14,
   "review_seq": 5,
   "star_score": 10,
   "document": "손예진 연기가 너무 좋았음",
   "label": 1
 },
 {
   "movie_seq": 14,
   "review_seq": 6,
   "star_score": 9,
   "document": "역사상에서 잃고 있는 마지막 옹주에 삶과 동시에 일본의 통치하에 겪는 생안타까운 현실 잊고 싶은 기억들덕혜옹주역할을 한 손예진배우화이팅",
   "label": 1
 },
 {
   "movie_seq": 14,
   "review_seq": 7,
   "star_score": 10,
   "document": "좋은 스토리 짜임새있는 구성 배우들의 명품연기 박자가 맞아떨어지는 좋은 영화였습니다 강추",
   "label": 1
 },
 {
   "movie_seq": 14,
   "review_seq": 8,
   "star_score": 8,
   "document": "박해일이 너무멋있어요",
   "label": 1
 },
 {
   "movie_seq": 14,
   "review_seq": 9,
   "star_score": 10,
   "document": "진심 최고네요 눈물이 너무 났고 배우들 연기도 한 몫하네요",
   "label": 1
 },
 {
   "movie_seq": 14,
   "review_seq": 10,
   "star_score": 10,
   "document": "손예진 라미란ㅠㅠ눈물이 멈추지 않앗습니다ㅠㅠ",
   "label": 1
 },
 {
   "movie_seq": 14,
   "review_seq": 11,
   "star_score": 10,
   "document": "가슴이 먹먹해지는 슬픔이 느껴졌습니다 잘 우는 성격은 아닌데 영화를 보고 짠해지는 여운이 끝까지 남네요 정말 좋은 작품입니다",
   "label": 1
 },
 {
   "movie_seq": 14,
   "review_seq": 12,
   "star_score": 10,
   "document": "라미란 끌려간 이후 계속 펑펑 울었어요ㅠㅠ그래도 재밌었습니다",
   "label": 1
 },
 {
   "movie_seq": 14,
   "review_seq": 13,
   "star_score": 10,
   "document": "가슴아픈 한국 근현대사 이야기를 감동적으로 녹여냈네요한국 사람이라면 꼭 보아야 할 영화",
   "label": 1
 },
 {
   "movie_seq": 14,
   "review_seq": 14,
   "star_score": 1,
   "document": "재미는 그냥 저냥 이었지만 단순히 망국에 정신병 걸린 공주와 왕족 중 아무도 행하지 않았던 독립운동을 한것 마냥 미화시킨건 좀 심한거 같다",
   "label": 0
 },
 {
   "movie_seq": 14,
   "review_seq": 15,
   "star_score": 1,
   "document": "역사 미화를 통한 돈 벌이부끄럽지도 않은가",
   "label": 0
 },
 {
   "movie_seq": 14,
   "review_seq": 16,
   "star_score": 10,
   "document": "우리가 몰랐던 덕혜옹주가 전해 주는 뭉클한 이야기 배우 손예진의 연기에 완전 몰입해서 봤어요",
   "label": 1
 },
 {
   "movie_seq": 14,
   "review_seq": 17,
   "star_score": 1,
   "document": "마치 독립 이후에 친일파가 독립운동가를 악용했듯이이런 정부 시기에 이런 영화는 사양한다그리고 민비의 세도정치와 어찌보면 당연한 군주로서의 고종 밑에더 피눈물 흘리고 고통 당했던 민중을 생각하면한방울의 눈물도 안 나온",
   "label": 0
 },
 {
   "movie_seq": 14,
   "review_seq": 18,
   "star_score": 1,
   "document": "덕혜옹주가 나쁜사람은 아니지만 너무 미화되어서 거부감이 들었습니다영화를 영화로만 본다면 배우들의 연기력도 좋았고 신파극 스토리도 눈물빼는 이야기였지만 잘못된 상식을 사람들에게 심어주게될거같아서 걱정이 앞섭니다",
   "label": 0
 },
 {
   "movie_seq": 14,
   "review_seq": 19,
   "star_score": 9,
   "document": "배우들의 연기력과 감독의 연출이 맘에 들었음",
   "label": 1
 },
 {
   "movie_seq": 14,
   "review_seq": 20,
   "star_score": 1,
   "document": "왜곡을 하려고 작정했다면 정말 재미있게라도 하던지 억지감동으로 눈물샘을 자극하려던 얄팍한 꼼수",
   "label": 0
 },
 {
   "movie_seq": 14,
   "review_seq": 21,
   "star_score": 1,
   "document": "역사를 왜곡한 또 한편의 영화",
   "label": 0
 },
 {
   "movie_seq": 14,
   "review_seq": 22,
   "star_score": 1,
   "document": "역사적 왜곡이 심한 영화",
   "label": 0
 },
 {
   "movie_seq": 14,
   "review_seq": 23,
   "star_score": 1,
   "document": "말도안돼는 역사왜곡ㅋㅋ이런걸왜찍냐 한심",
   "label": 0
 },
 {
   "movie_seq": 14,
   "review_seq": 24,
   "star_score": 10,
   "document": "생각보다 재미있네요",
   "label": 1
 },
 {
   "movie_seq": 14,
   "review_seq": 25,
   "star_score": 1,
   "document": "너무뻔하다누가 평점을 이런식으로 조작하는지친일 영화다",
   "label": 0
 },
 {
   "movie_seq": 14,
   "review_seq": 26,
   "star_score": 1,
   "document": "역사도 허구로쓸게있지 미화쩜",
   "label": 0
 },
 {
   "movie_seq": 14,
   "review_seq": 27,
   "star_score": 8,
   "document": "보고나니 마음이 아프네요그리고 다시 한번 역사에 대해 찾아볼수있는 기회가 될것같습니다 많은분들이 봤으면 합니다",
   "label": 1
 },
 {
   "movie_seq": 14,
   "review_seq": 28,
   "star_score": 1,
   "document": "역사왜곡이 심한 영화 너무 덕혜옹주를 미화시킴",
   "label": 0
 },
 {
   "movie_seq": 14,
   "review_seq": 29,
   "star_score": 1,
   "document": "진짜 역사왜곡 쩐다 후",
   "label": 0
 },
 {
   "movie_seq": 14,
   "review_seq": 30,
   "star_score": 1,
   "document": "재미없어 그냥 눈물 유발시도만",
   "label": 0
 },
 {
   "movie_seq": 14,
   "review_seq": 31,
   "star_score": 1,
   "document": "역사를 이딴식으로 왜곡을 하네",
   "label": 0
 },
 {
   "movie_seq": 14,
   "review_seq": 32,
   "star_score": 1,
   "document": "명성황후에 이어서역사왜곡하는 영화",
   "label": 0
 },
 {
   "movie_seq": 14,
   "review_seq": 33,
   "star_score": 10,
   "document": "뭉클하고 깨는연기가없어서 재미있었습니다친일파에 더 분노하게되었습니다",
   "label": 1
 },
 {
   "movie_seq": 14,
   "review_seq": 34,
   "star_score": 1,
   "document": "무능한 이왕가 무능한 고종 무능한 덕혜옹주 나라를 망하게 했으면 그 수치심 때문이라도 이나라 땅을 밟으면 안됐었다 이영화는 그 이왕가를 미화한다",
   "label": 0
 },
 {
   "movie_seq": 14,
   "review_seq": 35,
   "star_score": 1,
   "document": "프로파간다 애국심팔이용 싸구려 영화",
   "label": 0
 },
 {
   "movie_seq": 14,
   "review_seq": 36,
   "star_score": 10,
   "document": "너무나도 감동적인 영화였습니당",
   "label": 1
 },
 {
   "movie_seq": 14,
   "review_seq": 37,
   "star_score": 1,
   "document": "애국심 빼고 영화자체론 점도아까워",
   "label": 0
 },
 {
   "movie_seq": 14,
   "review_seq": 38,
   "star_score": 10,
   "document": "여운이 많이 남습니다",
   "label": 1
 },
 {
   "movie_seq": 14,
   "review_seq": 39,
   "star_score": 1,
   "document": "일일 연속극 보는줄년대 신파물 같음대실망",
   "label": 0
 },
 {
   "movie_seq": 14,
   "review_seq": 40,
   "star_score": 1,
   "document": "일점도아깝다 스토리는 좋을지몰라도 후에 아이들이본다면 역사를 왜곡해서 알게될까봐 걱정이된다",
   "label": 0
 },
 {
   "movie_seq": 14,
   "review_seq": 41,
   "star_score": 1,
   "document": "보지마시오 보지마시오",
   "label": 0
 },
 {
   "movie_seq": 14,
   "review_seq": 42,
   "star_score": 1,
   "document": "역사왜곡하지말아줬으면",
   "label": 0
 },
 {
   "movie_seq": 14,
   "review_seq": 43,
   "star_score": 1,
   "document": "글세요 내용은 괜찮지만 재미는 별로 없습니다",
   "label": 0
 },
 {
   "movie_seq": 14,
   "review_seq": 44,
   "star_score": 1,
   "document": "잤다고 잤어 너무 졸렸다고",
   "label": 0
 },
 {
   "movie_seq": 14,
   "review_seq": 45,
   "star_score": 10,
   "document": "배우들의 연기에 찬사를 보냅니다",
   "label": 1
 },
 {
   "movie_seq": 14,
   "review_seq": 46,
   "star_score": 10,
   "document": "영화 보는 내내 여기저기에서 우는 소리를 많이 들었습니다 슬픈 장면 많았고 라미란님 덕분에 웃긴 장면도 있었습니다덕혜옹주의 생애 마지막 문구가 생각납니다 손예진님 연기 넘 좋았고 박해일님도 넘 멋졌습",
   "label": 1
 },
 {
   "movie_seq": 14,
   "review_seq": 47,
   "star_score": 10,
   "document": "라미란땜에너무웃겼고 손예진땜에 눈물이나오는영화 굳",
   "label": 1
 },
 {
   "movie_seq": 14,
   "review_seq": 48,
   "star_score": 10,
   "document": "역시 할리퀸보다는 손예진이 답이었다",
   "label": 1
 },
 {
   "movie_seq": 14,
   "review_seq": 49,
   "star_score": 10,
   "document": "아침부터 기대하고 영화 보러갔는데 보러가길 잘한거 같아요 스토리도 짜임새있고 역시 배우들의 연기 기대를 저버리지 않았네요 끝까지 집중있게 봤습니다",
   "label": 1
 },
 {
   "movie_seq": 14,
   "review_seq": 50,
   "star_score": 10,
   "document": "배우분들의 훌륭한 연기가 영화를 만든거 같습니다정말 재밌게 잘봤습니다 손예진언니 연기 너무 잘해주셨어요아역인 소현양도요박해일씨 더럽",
   "label": 1
 }
]