[
 {
   "moive_seq": 13,
   "review_seq": 0,
   "star_score": 10,
   "document": "무난무난한 시간 영화보다 속이 꽉찬 분 영화",
   "label": 1
 },
 {
   "moive_seq": 13,
   "review_seq": 1,
   "star_score": 10,
   "document": "어이없이 재밌게 봤습니당킬리언 좋아요",
   "label": 1
 },
 {
   "moive_seq": 13,
   "review_seq": 2,
   "star_score": 10,
   "document": "콤팩트한 러닝타임 ㅋㅋㅋ시간가는줄 모르고봄 ㅋㅋ그나저나 메리앤이 넘나 궁금 얼굴보고파",
   "label": 1
 },
 {
   "moive_seq": 13,
   "review_seq": 3,
   "star_score": 10,
   "document": "연극적인 연출과 흑백영상의 미 매력적인 영화임",
   "label": 1
 },
 {
   "moive_seq": 13,
   "review_seq": 4,
   "star_score": 10,
   "document": "매리앤 도대체 당신은 ㅋ",
   "label": 1
 },
 {
   "moive_seq": 13,
   "review_seq": 5,
   "star_score": 10,
   "document": "한시간동안 인생의 심오한 파티가 벌어진다 사회 의료 정치 사랑에 관한 진솔한 이야기",
   "label": 1
 },
 {
   "moive_seq": 13,
   "review_seq": 6,
   "star_score": 10,
   "document": "명배우들의 호연에 눈이 번쩍 멋진 조명과 촬영 연출에 홀딱 빠져 본",
   "label": 1
 },
 {
   "moive_seq": 13,
   "review_seq": 7,
   "star_score": 10,
   "document": "끝까지 빈틈없는 영화",
   "label": 1
 },
 {
   "moive_seq": 13,
   "review_seq": 8,
   "star_score": 10,
   "document": "촘촘한 구성 시간가는줄 모르고 봤네요",
   "label": 1
 },
 {
   "moive_seq": 13,
   "review_seq": 9,
   "star_score": 6,
   "document": "저는 실소 지루했음 ㅎㅎ",
   "label": 0
 },
 {
   "moive_seq": 13,
   "review_seq": 10,
   "star_score": 10,
   "document": "보고나니 피로까지 싸악 가시는 하이 개그 골때리는 막장 블랙 코미디",
   "label": 1
 },
 {
   "moive_seq": 13,
   "review_seq": 11,
   "star_score": 8,
   "document": "처음부터 끝까지 개판이다",
   "label": 1
 },
 {
   "moive_seq": 13,
   "review_seq": 12,
   "star_score": 10,
   "document": "분이라는 짧은 러닝타임인데도 압도적이고 배우들의 연기가 인상적이었어요",
   "label": 1
 },
 {
   "moive_seq": 13,
   "review_seq": 13,
   "star_score": 9,
   "document": "사회전반의 모든 문제가 다 나온다 영국판 완벽한타인그나저나 메리앤은 능력도좋아자넷은 메리앤을 쐈을까",
   "label": 1
 },
 {
   "moive_seq": 13,
   "review_seq": 14,
   "star_score": 10,
   "document": "킬리언 배우님 보러갔다가 무릎을 탁 치고 왔어요",
   "label": 1
 },
 {
   "moive_seq": 13,
   "review_seq": 15,
   "star_score": 10,
   "document": "빈틈없는 분이 매력적 다시봐야 할 영화",
   "label": 1
 },
 {
   "moive_seq": 13,
   "review_seq": 16,
   "star_score": 8,
   "document": "흑백영화의 진지함에 빠졌다가 그런 내가 부끄러워짐ㅋㅋㅋ",
   "label": 1
 },
 {
   "moive_seq": 13,
   "review_seq": 17,
   "star_score": 8,
   "document": "이런  는 언제나 환영",
   "label": 1
 },
 {
   "moive_seq": 13,
   "review_seq": 18,
   "star_score": 8,
   "document": "나오는 인물들 겁나 골때려서 웃겼음 ㅋㅋㅋ",
   "label": 1
 },
 {
   "moive_seq": 13,
   "review_seq": 19,
   "star_score": 10,
   "document": "네이버에서 소장용으로 다운받았는데 이게 진짜 블랙코미디지 싶었네요 위트있고 지적인 연기와 시놉시스 매력이 넘칩니다 여러번 볼 것 같네요 이런 작품이 많았으면 좋겠어요",
   "label": 1
 },
 {
   "moive_seq": 13,
   "review_seq": 20,
   "star_score": 7,
   "document": "마지막에 헉하고 끝난다",
   "label": 1
 },
 {
   "moive_seq": 13,
   "review_seq": 21,
   "star_score": 8,
   "document": "신념과 불일치 할 수 밖에 없는 현실 배운 놈들이 더 하다",
   "label": 1
 },
 {
   "moive_seq": 13,
   "review_seq": 22,
   "star_score": 10,
   "document": "진짜 뒷부분으로 갈 수록 심장이 뜁니다 후하후하 각본 감독 다 한 셀리포터 당신 댑악쓰 최고",
   "label": 1
 },
 {
   "moive_seq": 13,
   "review_seq": 23,
   "star_score": 8,
   "document": "지루하게 시작했다가 영화관 모두가 낄낄거리는 중후반부를 거치고 아까 그거 말이야 하면서 떠들썩하게 상영관을 나섰던 영화러닝타임도 짧아서 맛있는 가벼운 요리를 한접시 먹고 나온것 같다",
   "label": 1
 },
 {
   "moive_seq": 13,
   "review_seq": 24,
   "star_score": 10,
   "document": "개봉해줘서 고맙습니다",
   "label": 1
 },
 {
   "moive_seq": 13,
   "review_seq": 25,
   "star_score": 8,
   "document": "초반 좀 지루하다 몰아치는 영국식 막장드라마",
   "label": 1
 },
 {
   "moive_seq": 13,
   "review_seq": 26,
   "star_score": 8,
   "document": "옷 색깔을 따라 인물들의 성격을 추리해보는 것도 재미를 높이는 요소",
   "label": 1
 },
 {
   "moive_seq": 13,
   "review_seq": 27,
   "star_score": 8,
   "document": "무얼 얘기하려는지 분명한데 몰입이 안되는 대사와 연기의 산만함",
   "label": 1
 },
 {
   "moive_seq": 13,
   "review_seq": 28,
   "star_score": 2,
   "document": "분이라 아쉽고 분이라 다행이다",
   "label": 0
 },
 {
   "moive_seq": 13,
   "review_seq": 29,
   "star_score": 2,
   "document": "굳이 봐야할 영화라고 보긴 어렵다ㅡ 반전도 뻔한데다 몰입도도 떨어지며 내용상으로 그리 탁월하지도",
   "label": 0
 },
 {
   "moive_seq": 13,
   "review_seq": 30,
   "star_score": 10,
   "document": "칼 주름 잡힌 명품 반전 영화",
   "label": 1
 },
 {
   "moive_seq": 13,
   "review_seq": 31,
   "star_score": 7,
   "document": "같이 간 친구가 나보다 더 즐긴 듯너무나 연극적이라고 한다",
   "label": 1
 },
 {
   "moive_seq": 13,
   "review_seq": 32,
   "star_score": 10,
   "document": "빈틈없이 재미있게 영국의 근현대를 비판하는 영화 강추",
   "label": 1
 },
 {
   "moive_seq": 13,
   "review_seq": 33,
   "star_score": 8,
   "document": "매리앤 도체 누구냐 넌 ㅋㅋㅋ 끝내 모습을 보이지 않네",
   "label": 1
 },
 {
   "moive_seq": 13,
   "review_seq": 34,
   "star_score": 9,
   "document": "구성이 잘따려딘 건 조았는데 매끄럽지 못한 흐름이 마이너스 일",
   "label": 1
 },
 {
   "moive_seq": 13,
   "review_seq": 35,
   "star_score": 9,
   "document": "조소의 대상으로 전락한 그들의 천박한 진지함 이것이 인간의 추함인것을 어쩌랴",
   "label": 1
 },
 {
   "moive_seq": 13,
   "review_seq": 36,
   "star_score": 8,
   "document": "그럭저럭 재밌어요",
   "label": 1
 },
 {
   "moive_seq": 13,
   "review_seq": 37,
   "star_score": 6,
   "document": "조금 산만하고 정신없었고 캐릭터가 이상했지만그래도 재밌습니다",
   "label": 0
 },
 {
   "moive_seq": 13,
   "review_seq": 38,
   "star_score": 10,
   "document": "빌국민남성 자넷정부국가 고프리드종교전통 에이프릴언론이념 톰금융경제 메리앤권력자본 마사사회교육 지니여성 대략 이렇게 대입시켜 보면 꽤나 신랄한 사회풍자 영화",
   "label": 1
 },
 {
   "moive_seq": 13,
   "review_seq": 39,
   "star_score": 10,
   "document": "올 해 더파티를 보게 된것이 가장 큰 수확이다내 인생 최고의 영화지인들에게 추천중",
   "label": 1
 },
 {
   "moive_seq": 13,
   "review_seq": 40,
   "star_score": 10,
   "document": "메리앤이 잘못했네 ㅋㅋ",
   "label": 1
 },
 {
   "moive_seq": 13,
   "review_seq": 41,
   "star_score": 8,
   "document": "리버럴 먹물들의 위선과 허세 속물근성을 아주 찰지게 자근자근 씹어준다",
   "label": 1
 },
 {
   "moive_seq": 13,
   "review_seq": 42,
   "star_score": 6,
   "document": "기대 이하반전도 그저 그랬음 뻔하지는 않았지만 별 임팩트나 감흥 없는",
   "label": 0
 },
 {
   "moive_seq": 13,
   "review_seq": 43,
   "star_score": 9,
   "document": "정치 종교 사랑 불륜 동성애 의학까지 까버려요 보수적인 분들은 보기 불편하실거예요",
   "label": 1
 },
 {
   "moive_seq": 13,
   "review_seq": 44,
   "star_score": 4,
   "document": "분도 길다 반전말고 남는게 없네",
   "label": 0
 },
 {
   "moive_seq": 13,
   "review_seq": 45,
   "star_score": 5,
   "document": "이런 역그신 무비는 나랑 잘 안맞는다",
   "label": 0
 },
 {
   "moive_seq": 13,
   "review_seq": 46,
   "star_score": 10,
   "document": "누구에게나 있는 헛점 그러나 빈틈 없는 구성과 연출 연기력의 영화",
   "label": 1
 },
 {
   "moive_seq": 13,
   "review_seq": 47,
   "star_score": 7,
   "document": "영화가 정말 잘 비틉니다",
   "label": 1
 },
 {
   "moive_seq": 13,
   "review_seq": 48,
   "star_score": 8,
   "document": "왁자지껄 뼈때리는 풍자극 엔딩에 메리앤이 아니라 내연남이었다면",
   "label": 1
 },
 {
   "moive_seq": 13,
   "review_seq": 49,
   "star_score": 10,
   "document": "누구에게나 비밀은 하나씩있다 그 비밀들이 한 자리에서 하나하나씩 꺼내지는 재미 그리고 마지막 소름",
   "label": 1
 },
 {
   "moive_seq": 13,
   "review_seq": 50,
   "star_score": 8,
   "document": "왜 코미디로 분류가 되었는지 모르겠지만 코미디 영화는 아니고완벽한 타인이 이 영화를 모티브로 삼았겠구나를 알게 됐고심오하다 싶을 정도로 내뱉는 멘트는 한 번 쯤 생각해 볼 의미가 있음",
   "label": 1
 }
]