[
 {
   "movie_seq": 20,
   "review_seq": 0,
   "star_score": 10,
   "document": "오늘 아침에 조조로 보고왔습니다 월일에 해군에 입대하는데 그전에 보기 잘한 영화같습니다 평소에 영화 많이 좋아하고 자주보는 편인데 무지 재미있게 봤습니다 나라 잘지키고 오겠습니다 필승",
   "label": 1
 },
 {
   "movie_seq": 20,
   "review_seq": 1,
   "star_score": 9,
   "document": "극찬할 수는 없지만 이 정도면 내용 영상 연출 전부 꽤나 뛰어난 작품이지 않은가 평론가들의 평점 점은 도대체 어떻게 해서 나온 점수인지 블랙펄 같은 배가 나오고 판옥선이 거북선으로 트랜스포머하는 장면이 ",
   "label": 1
 },
 {
   "movie_seq": 20,
   "review_seq": 2,
   "star_score": 10,
   "document": "보는 내내 가슴찡하고 울컥하는 진짜 최고의 영화ㅠㅠ한 순간도 놓칠 수 없는 해전씬이 특히 압권",
   "label": 1
 },
 {
   "movie_seq": 20,
   "review_seq": 3,
   "star_score": 10,
   "document": "작금의 이시점에 국가가 혼란하고 위태할수록국가를 직간접으로 책임지고 있는 리더에게 무엇이 필요한지 리더의 마음이 한치의 흔들림없이 무엇을 향하고 있어야 하는지를 세치의 혀가 아닌 온몸으로 년전 구국의영웅이 ",
   "label": 1
 },
 {
   "movie_seq": 20,
   "review_seq": 4,
   "star_score": 8,
   "document": "전쟁씬에서 입벌리고봄",
   "label": 1
 },
 {
   "movie_seq": 20,
   "review_seq": 5,
   "star_score": 10,
   "document": "우리나라에서도이런해상전투씬이 나오다니 압권이다 더불어 이순신장군님의 위대함까지 다시한번 생각하게하는영화",
   "label": 1
 },
 {
   "movie_seq": 20,
   "review_seq": 6,
   "star_score": 10,
   "document": "안봤으면 후회할 영화 안볼수 없었더 영화 모두가 봤으면 하는 영화",
   "label": 1
 },
 {
   "movie_seq": 20,
   "review_seq": 7,
   "star_score": 10,
   "document": "올해 최고의 수작 성웅 이순신 그는 위대한 조선의 장수",
   "label": 1
 },
 {
   "movie_seq": 20,
   "review_seq": 8,
   "star_score": 10,
   "document": "장면 하나하나가 소름이고 감동 ㅜㅜ 이런 영화가 천만이 넘어야함",
   "label": 1
 },
 {
   "movie_seq": 20,
   "review_seq": 9,
   "star_score": 10,
   "document": "영화보는 동안 줄곧 든 생각 한가지 정말 고생 많았을듯 잘보고 감동받고 갑니다",
   "label": 1
 },
 {
   "movie_seq": 20,
   "review_seq": 10,
   "star_score": 10,
   "document": "관람내나 감동이었습니다",
   "label": 1
 },
 {
   "movie_seq": 20,
   "review_seq": 11,
   "star_score": 10,
   "document": "완전 명작무조건 봐야됩니다 한국사람이라면",
   "label": 1
 },
 {
   "movie_seq": 20,
   "review_seq": 12,
   "star_score": 10,
   "document": "김한민 감독님 미리 천만 축하드립니다 ㅎ완전 대박 ㅎ노량도 만들어 주십쇼",
   "label": 1
 },
 {
   "movie_seq": 20,
   "review_seq": 13,
   "star_score": 9,
   "document": "진부하게 영웅이 왜놈 다쓸어버리는게 아니고 굉장히 사실적이다다시 한번 위인 이순신을 생각해보는 계기가 됨",
   "label": 1
 },
 {
   "movie_seq": 20,
   "review_seq": 14,
   "star_score": 10,
   "document": "후속작 기대해봅니다 거북선이 너무 보고싶어요",
   "label": 1
 },
 {
   "movie_seq": 20,
   "review_seq": 15,
   "star_score": 9,
   "document": "나는 오늘 성웅 이순신과 인간 이순신을 보았고 전쟁 영화를 보며 울컥 거린건 너무너무 오랜만인거 같다",
   "label": 1
 },
 {
   "movie_seq": 20,
   "review_seq": 16,
   "star_score": 10,
   "document": "올해 최고의 영화인 것 같습니다이순신 장군 너무 훌륭하고 위대하시다는걸 이 영화를 통해 다시한번 깨닫게되네요",
   "label": 1
 },
 {
   "movie_seq": 20,
   "review_seq": 17,
   "star_score": 10,
   "document": "누가 도대체 지루하다고 하는거야 초반의 그 두려움이 느껴지지 않던가요 전쟁씬은 어떻구요",
   "label": 1
 },
 {
   "movie_seq": 20,
   "review_seq": 18,
   "star_score": 10,
   "document": "조조로 보고왔는데 지루함 없이 재미있게 잘봤습니다 연기도 좋았구요",
   "label": 1
 },
 {
   "movie_seq": 20,
   "review_seq": 19,
   "star_score": 10,
   "document": "이순신은 진정한 영웅이지 백년을 더 물고 빨아도 모자르다",
   "label": 1
 },
 {
   "movie_seq": 20,
   "review_seq": 20,
   "star_score": 9,
   "document": "재미있게 잘 봤습니다 한산대첩도 기대되네요 구선",
   "label": 1
 },
 {
   "movie_seq": 20,
   "review_seq": 21,
   "star_score": 10,
   "document": "냉정하게 재밌습니다 평론가평점 믿을게 못됨오히려 관람객 평점 구린영화가 평론가 평점은 높더라고요",
   "label": 1
 },
 {
   "movie_seq": 20,
   "review_seq": 22,
   "star_score": 10,
   "document": "대사 한마디 한마디가 마음에 남네요이를 어찌하고",
   "label": 1
 },
 {
   "movie_seq": 20,
   "review_seq": 23,
   "star_score": 10,
   "document": "두번 봐야 할 영화입니다",
   "label": 1
 },
 {
   "movie_seq": 20,
   "review_seq": 24,
   "star_score": 10,
   "document": "최고의영화 후반해상씬 은 압도적 입니다 꼭보시길",
   "label": 1
 },
 {
   "movie_seq": 20,
   "review_seq": 25,
   "star_score": 10,
   "document": "무거운분위기임에도 지겹지않았어요",
   "label": 1
 },
 {
   "movie_seq": 20,
   "review_seq": 26,
   "star_score": 10,
   "document": "관직에계신분들이라면꼭보아야할영화",
   "label": 1
 },
 {
   "movie_seq": 20,
   "review_seq": 27,
   "star_score": 10,
   "document": "영화의 부터 음향효과 배우들의 연기들 정말 감동이었습니다배우 최민식씨의 이순신장군도 정말 멋졌으며 이순신장군이 또 한번 대단하다는것을 새삼 깨닫게된 영화였습니다 한순간도 긴장감을 놓칠 수 없을만큼 대단한 말",
   "label": 1
 },
 {
   "movie_seq": 20,
   "review_seq": 28,
   "star_score": 10,
   "document": "영화같지만 영화같지않은 영화였습니다 특히 이순신장군이 전투중에 백병전이다라고 한 이후의 조선군과일본군의 처절한 전투장면 정말 제 기억속에 오래 남을거 같습니다",
   "label": 1
 },
 {
   "movie_seq": 20,
   "review_seq": 29,
   "star_score": 10,
   "document": "보는내내 감동이었습니다이순신 장군의 고내가 너무 많이 느껴져 눈물이 계속나오더라구요 최민식의 연기 또한압권이었습니다",
   "label": 1
 },
 {
   "movie_seq": 20,
   "review_seq": 30,
   "star_score": 10,
   "document": "너무좋습니다 그때 당시 애국자가 한명이라 있어서 우리가 있지 않은가 생각해 봅니다",
   "label": 1
 },
 {
   "movie_seq": 20,
   "review_seq": 31,
   "star_score": 10,
   "document": "이것이 바로 우리나라다",
   "label": 1
 },
 {
   "movie_seq": 20,
   "review_seq": 32,
   "star_score": 10,
   "document": "왜놈들 각오하라 구선이 간다",
   "label": 1
 },
 {
   "movie_seq": 20,
   "review_seq": 33,
   "star_score": 1,
   "document": "이순신장군님 정말 존경합니다만 연출 스토리 초반에 너무 지루한것은 부정할수 없다 다들 점 넘는 평점을 줘서 어쩔수없이 점을 주었으나 이 영화는 딱 정확하게 한국영화의 현 한계를 보여줌과 동시에 한국",
   "label": 0
 },
 {
   "movie_seq": 20,
   "review_seq": 34,
   "star_score": 10,
   "document": "전투 장면 보는 내내 정말 감동적오랜만에 영화보며 감동에 눈물을",
   "label": 1
 },
 {
   "movie_seq": 20,
   "review_seq": 35,
   "star_score": 1,
   "document": "저만 재미없게봤나요연기자들의 연기력이 아깝네요",
   "label": 0
 },
 {
   "movie_seq": 20,
   "review_seq": 36,
   "star_score": 9,
   "document": "재미있게 봤어요  명랑대첩의 그 순간을 진실되게 재현하신 배우 여러분의 열연에 감명받고 갑니다",
   "label": 1
 },
 {
   "movie_seq": 20,
   "review_seq": 37,
   "star_score": 1,
   "document": "충무공 이순신을 소재로 닭살돋는 억지신파에 허접한  스모키화장만 하면 카리스마인줄아는 악역들에 잘못된 고증 평점 점대에 가까운 영화라는게 우리 영회계 인식 수준인거 같아 쪽팔리고 부끄럽다 알바생들 동원 ",
   "label": 0
 },
 {
   "movie_seq": 20,
   "review_seq": 38,
   "star_score": 1,
   "document": "점정도가 적절한 평점이라고 생각합니다 정말 기대 이하로 스토리도 부실하고 등장인물 설정도 부실하며 왜선과 판옥선의 전투력 차이도 너무 어처구니없었습니다 백성들이 응원하는것도 너무 거슬리고 액션도 별로였는",
   "label": 0
 },
 {
   "movie_seq": 20,
   "review_seq": 39,
   "star_score": 1,
   "document": "살면서 리뷰 처음달아봅니다",
   "label": 0
 },
 {
   "movie_seq": 20,
   "review_seq": 40,
   "star_score": 10,
   "document": "시간동안 시간가는줄 몰랐네요 재미있게 잘보았습니다",
   "label": 1
 },
 {
   "movie_seq": 20,
   "review_seq": 41,
   "star_score": 10,
   "document": "그냥 보는 내내 가슴 깊이속에서 말로 표현못한 지금 내 모습에 대한 반성과 선조들에 대한 감사함이 함께했다 감사합니다 또 감사합니다 제가 군입대 전 이걸 봤다면 아마 더욱 열심히 임하지 않았을까 합니다 감사하",
   "label": 1
 },
 {
   "movie_seq": 20,
   "review_seq": 42,
   "star_score": 10,
   "document": "역시 최민식씨네요 가슴 뭉클한 감동 여전합니다 이순신이란 분에대해 역사적인 공부 조금만 더하고 보심 더 재미날듯합니다 암튼 간만에 좋은영화 봤습니다",
   "label": 1
 },
 {
   "movie_seq": 20,
   "review_seq": 43,
   "star_score": 1,
   "document": "정말 재미없는영화다 군도랑별반다를바가없는영화카메라조작도 부자연스럽고 곳곳에 장면연출과 배우들의 연기력도 너무 부자연스러운 그런 영화 이영화가 어떻게 흥행되고있다는 기사들이 뜨는지 도저히 모르겠고 언론에 낚인 기분이",
   "label": 0
 },
 {
   "movie_seq": 20,
   "review_seq": 44,
   "star_score": 1,
   "document": "내용이 이어지는 기분이 별로 들지 않아요인물들을 이해할 시간도 없이 전쟁은 시작하고 주요인물들은 죽고 인물 이해는 모르겟고 쟤가 누구엿고 뭐하던 앤지도 모르겟는데 갑자기 영화는 끝이낫어요",
   "label": 0
 },
 {
   "movie_seq": 20,
   "review_seq": 45,
   "star_score": 1,
   "document": "영웅을 원하는 현재의 시류를 타고 영웅이순신의 이름으로 흥행중인가보다 작품에서 보여주고 싶었던 이순신의 인간적인 고뇌도 잘 표현되지 못했고 캐릭터 묘사와 전투의 사실성도 엉망이었다 이정현과 진구를 통하여 신파를 ",
   "label": 0
 },
 {
   "movie_seq": 20,
   "review_seq": 46,
   "star_score": 10,
   "document": "정말 끝장나게 잼나네요 오랜만에 넘잼있게봤어요",
   "label": 1
 },
 {
   "movie_seq": 20,
   "review_seq": 47,
   "star_score": 1,
   "document": "이야기가없어요 전투씬도 드라마수준 이건 아니야",
   "label": 0
 },
 {
   "movie_seq": 20,
   "review_seq": 48,
   "star_score": 9,
   "document": "시 분 조조 봤는데 사람 엄청 많더군요 조조분위기가 아니었어요 왠지 꼭 봐야될 영화인 것 같 고 뭔가 뭉클하고 우리는 참 위대한 조상의 후예구나하는 생각 슬픈 장면이 아닌데 눈물이 날 것 같은 참 오묘한 ",
   "label": 1
 },
 {
   "movie_seq": 20,
   "review_seq": 49,
   "star_score": 9,
   "document": "대한민국에서 이순신이라는 흥행보증수표에 연기력이 받쳐주는 배우들 왜군을 상대로 통쾌했던 영화였으며 한편으로는 약간 미흡했던 구선거북선의 가 무게감있는 영화의 몰입감을 조금 떨어뜨려 아쉬웠다",
   "label": 1
 },
 {
   "movie_seq": 20,
   "review_seq": 50,
   "star_score": 10,
   "document": "꼭 봐야할 올해의 영화 시간이 넘는시간이 넘 짧을정도의 감동의 영화강추",
   "label": 1
 }
]