[
 {
   "movie_seq": 19,
   "review_seq": 0,
   "star_score": 10,
   "document": "완전 재밌게 봤어요 영화 시작부터 긴장을 놓칠 수 없었던 남주들도 훈훈하고 한국인 배우 이기홍 귀엽고 멋있드만요 편도 완전 기대됩니다",
   "label": 1
 },
 {
   "movie_seq": 19,
   "review_seq": 1,
   "star_score": 10,
   "document": "보는 내내 긴장하고 봄 ㅋㅋ 별 생각 않고 봤는데 재미있었음 추천",
   "label": 1
 },
 {
   "movie_seq": 19,
   "review_seq": 2,
   "star_score": 6,
   "document": "끝부분이 약간 아쉽지만 전반적으론 스릴있네요",
   "label": 0
 },
 {
   "movie_seq": 19,
   "review_seq": 3,
   "star_score": 10,
   "document": "짱짱 진짜 재미짐 말그대로 스릴도 있고 박진감도 있고 편 빨리나와라",
   "label": 1
 },
 {
   "movie_seq": 19,
   "review_seq": 4,
   "star_score": 10,
   "document": "재밋다ㅋㅋㅋ 담편들 기대됨",
   "label": 1
 },
 {
   "movie_seq": 19,
   "review_seq": 5,
   "star_score": 7,
   "document": "속편이 나와야 제대로 평가가 가능할 듯 싶지만 시작으로서는 무난하게 스타트를 끊은 영화",
   "label": 1
 },
 {
   "movie_seq": 19,
   "review_seq": 6,
   "star_score": 1,
   "document": "그 귀한애들은 죽이는게 말이되냐 갤리는 어캐 탈출한거야 ㅋㅋ",
   "label": 0
 },
 {
   "movie_seq": 19,
   "review_seq": 7,
   "star_score": 10,
   "document": "다음편도나오겟군 ㅋㅋㅋ허니잼꿀잼",
   "label": 1
 },
 {
   "movie_seq": 19,
   "review_seq": 8,
   "star_score": 5,
   "document": "달리고달리고달렸는데 떡밥",
   "label": 0
 },
 {
   "movie_seq": 19,
   "review_seq": 9,
   "star_score": 10,
   "document": "재밌네요 다음편도 기대하겠습니다",
   "label": 1
 },
 {
   "movie_seq": 19,
   "review_seq": 10,
   "star_score": 8,
   "document": "편이 어떻게 될지 기대되네요",
   "label": 1
 },
 {
   "movie_seq": 19,
   "review_seq": 11,
   "star_score": 7,
   "document": "이 영화는 지금 평가 내리기 좀 힘들것 같아서 후속편을 기다려 봅니다",
   "label": 1
 },
 {
   "movie_seq": 19,
   "review_seq": 12,
   "star_score": 7,
   "document": "긴장감과 재미는있었는데 마지막이 조금 허무한듯한듯",
   "label": 1
 },
 {
   "movie_seq": 19,
   "review_seq": 13,
   "star_score": 10,
   "document": "정말재밌네요 결말김창렬",
   "label": 1
 },
 {
   "movie_seq": 19,
   "review_seq": 14,
   "star_score": 6,
   "document": "기대를 너무 한 탓인가그냥 저냥 킬링타임용",
   "label": 0
 },
 {
   "movie_seq": 19,
   "review_seq": 15,
   "star_score": 10,
   "document": "분동안 완전 몰입했어요 몰입감 스릴 넘쳐요 짱짱",
   "label": 1
 },
 {
   "movie_seq": 19,
   "review_seq": 16,
   "star_score": 8,
   "document": "세관람가치고는 좀 괴물들이 많이나옴",
   "label": 1
 },
 {
   "movie_seq": 19,
   "review_seq": 17,
   "star_score": 9,
   "document": "아주 재미 있습니다 특히 아역들의 반가운 성장과 미스테리한 내용의 전개가 흥미진진합니다 뻔하다는 느낌이 영화 볼땐 느껴지지 않으며그 만큼 내용전개를 잘하는 영화 캐릭터들의 대립에 대한 재각기 다른 해석과 편",
   "label": 1
 },
 {
   "movie_seq": 19,
   "review_seq": 18,
   "star_score": 9,
   "document": "잼있네요 ㅋㅋㅋ 기자 평론가들 평점 믿지 마세요 ㅋㅋ 진짜 여기서 네이버 한줄 평하는게 훨씬 정확한거 같아요 ㅋㅋ 괜히 뜻있고 뭔가 있어보이는 영화들만 평점 높게 주는게 평론가들이고 기자임 ㅋㅋㅋㅋ",
   "label": 1
 },
 {
   "movie_seq": 19,
   "review_seq": 19,
   "star_score": 10,
   "document": "완전 재밌게 봤어요 민호 완전 귀여웠어요",
   "label": 1
 },
 {
   "movie_seq": 19,
   "review_seq": 20,
   "star_score": 7,
   "document": "긴장감 장난아님 색다른 소제 재미있었음",
   "label": 1
 },
 {
   "movie_seq": 19,
   "review_seq": 21,
   "star_score": 8,
   "document": "박진감 넘침 남자들의 세계에 입문한 카야도 매력적이고 무엇보다 훈훈한 민호와 토마스 덕에 영화 내내 즐거웠음 마이 네임 이즈 민호우 요우",
   "label": 1
 },
 {
   "movie_seq": 19,
   "review_seq": 22,
   "star_score": 10,
   "document": "꼭 보셈 두번 보셈 세번 보셈",
   "label": 1
 },
 {
   "movie_seq": 19,
   "review_seq": 23,
   "star_score": 8,
   "document": "재밋게봤구 ㅎㅎ 담편도 기대되네요",
   "label": 1
 },
 {
   "movie_seq": 19,
   "review_seq": 24,
   "star_score": 8,
   "document": "편이기대되네요ㅋㅋㅋㅋ여운갑",
   "label": 1
 },
 {
   "movie_seq": 19,
   "review_seq": 25,
   "star_score": 10,
   "document": "완전 재밋습니당 결말빼고 ㅋㅋ",
   "label": 1
 },
 {
   "movie_seq": 19,
   "review_seq": 26,
   "star_score": 10,
   "document": "이기홍 배우님 화이팅 책도 읽어야지 ㅋㅋ",
   "label": 1
 },
 {
   "movie_seq": 19,
   "review_seq": 27,
   "star_score": 8,
   "document": "시간 가는 줄 모르고 스크린에 집중하게 만드는 매력이 있는 영화 입니다 움직임이 많은 영화 치고는 많이 흔들리지 않는 화면도 칭찬할만 합니다 조금 황당한 결말이긴 하지만 워낙 유명한 소설이 원작이라 후속편이 기",
   "label": 1
 },
 {
   "movie_seq": 19,
   "review_seq": 28,
   "star_score": 9,
   "document": "이거기대도안하고봤다가 개꿀잼 막판가면 이게스케일이좀있는영화였구나하고 탄기대하게되는맛이좀있음",
   "label": 1
 },
 {
   "movie_seq": 19,
   "review_seq": 29,
   "star_score": 7,
   "document": "기대가 커서 그런지 좀 덜한느낌",
   "label": 1
 },
 {
   "movie_seq": 19,
   "review_seq": 30,
   "star_score": 9,
   "document": "재미있었어요 스릴만빵ㅋㅋ특히 민호 화이팅  ",
   "label": 1
 },
 {
   "movie_seq": 19,
   "review_seq": 31,
   "star_score": 6,
   "document": "직원들과 함께 봤는데요 편에 대한 예고인거 같은 느낌이 입니다",
   "label": 0
 },
 {
   "movie_seq": 19,
   "review_seq": 32,
   "star_score": 7,
   "document": "음민호라는 캐릭터만 생각남ㅜㅜ",
   "label": 1
 },
 {
   "movie_seq": 19,
   "review_seq": 33,
   "star_score": 6,
   "document": "뒷스토리가 아쉬운 영화",
   "label": 0
 },
 {
   "movie_seq": 19,
   "review_seq": 34,
   "star_score": 9,
   "document": "한국영화가 배워야 할 본보기 영화",
   "label": 1
 },
 {
   "movie_seq": 19,
   "review_seq": 35,
   "star_score": 7,
   "document": "꿀잼이에요 스릴넘치구",
   "label": 1
 },
 {
   "movie_seq": 19,
   "review_seq": 36,
   "star_score": 7,
   "document": "흔한 소재가 아닌 영화라 볼만햇어요엔딩은 좀 허무햇지만",
   "label": 1
 },
 {
   "movie_seq": 19,
   "review_seq": 37,
   "star_score": 6,
   "document": "전반적으로 긴장감을 잘 유지 하다가 후속편 때문에 마무리가 억지스러움이 있네요",
   "label": 0
 },
 {
   "movie_seq": 19,
   "review_seq": 38,
   "star_score": 8,
   "document": "재밌네요",
   "label": 1
 },
 {
   "movie_seq": 19,
   "review_seq": 39,
   "star_score": 10,
   "document": "굳이에요 굳굳굳 ㅋㅋㅋㅋ",
   "label": 1
 },
 {
   "movie_seq": 19,
   "review_seq": 40,
   "star_score": 9,
   "document": "시간가는줄모르고 ㅤㅂㅘㅅ어요",
   "label": 1
 },
 {
   "movie_seq": 19,
   "review_seq": 41,
   "star_score": 9,
   "document": "재미있어요 많이 재미 있어요",
   "label": 1
 },
 {
   "movie_seq": 19,
   "review_seq": 42,
   "star_score": 4,
   "document": "민호만멋있고 그냥좀황당하달까기대는안했지만 그기대에도못미친영화",
   "label": 0
 },
 {
   "movie_seq": 19,
   "review_seq": 43,
   "star_score": 6,
   "document": "스토리가 개연성이 떨어짐주인공에게 감정 이입도 안되고",
   "label": 0
 },
 {
   "movie_seq": 19,
   "review_seq": 44,
   "star_score": 6,
   "document": "뭔가 스토리도 엉성하고 내용이 너무 확확나가는 것도 있고 그냥 딱 세 관람가 정도의 영화 느낌",
   "label": 0
 },
 {
   "movie_seq": 19,
   "review_seq": 45,
   "star_score": 3,
   "document": "기승전결이없는 재미",
   "label": 0
 },
 {
   "movie_seq": 19,
   "review_seq": 46,
   "star_score": 7,
   "document": "너무기대한듯그냥그래요",
   "label": 1
 },
 {
   "movie_seq": 19,
   "review_seq": 47,
   "star_score": 6,
   "document": "스토리가 지루한 영화네요",
   "label": 0
 },
 {
   "movie_seq": 19,
   "review_seq": 48,
   "star_score": 5,
   "document": "짜릿했던 장면은 예고편에 나온 벽닫히는 그 장면뿐",
   "label": 0
 },
 {
   "movie_seq": 19,
   "review_seq": 49,
   "star_score": 2,
   "document": "재미잇는듯업ㄱ는듯ㄷ",
   "label": 0
 },
 {
   "movie_seq": 19,
   "review_seq": 50,
   "star_score": 6,
   "document": "실망이야 영화 보고 난뒤 기억 나는게 없다",
   "label": 0
 }
]