[
 {
   "movie_seq": 21,
   "review_seq": 0,
   "star_score": 8,
   "document": "돈 값한다억지로 짜내는 신파가 없어서 담백하고 좋았음",
   "label": 1
 },
 {
   "movie_seq": 21,
   "review_seq": 1,
   "star_score": 8,
   "document": "오랜만에 볼만한 한국영화",
   "label": 1
 },
 {
   "movie_seq": 21,
   "review_seq": 2,
   "star_score": 8,
   "document": "조인성 허당캐릭인 줄 알았는데 캐리하네요",
   "label": 1
 },
 {
   "movie_seq": 21,
   "review_seq": 3,
   "star_score": 10,
   "document": "카체이싱 장면만으로도 볼 가치가 충분 류감독님 연출 너무좋고 배우분들도 정말 딱 맞는 옷을 입은 느낌입니다",
   "label": 1
 },
 {
   "movie_seq": 21,
   "review_seq": 4,
   "star_score": 10,
   "document": "기대이상이었음 코로나시국에 개봉해 내가 다 아쉬울지경 연기 연출 모두 빠질 것 없이 훌륭하다 생각합니다 추천해요",
   "label": 1
 },
 {
   "movie_seq": 21,
   "review_seq": 5,
   "star_score": 10,
   "document": "류승완이 또 해냈다",
   "label": 1
 },
 {
   "movie_seq": 21,
   "review_seq": 6,
   "star_score": 10,
   "document": "킹덤의 구교환 대배우들 사이에서 연기력 짱",
   "label": 1
 },
 {
   "movie_seq": 21,
   "review_seq": 7,
   "star_score": 10,
   "document": "캐릭터부터 서사 마지막의 적당한 마무리까지 모든것이 완벽했다 개인적으로는 마지막 카체이싱을 위해 아맥 추천",
   "label": 1
 },
 {
   "movie_seq": 21,
   "review_seq": 8,
   "star_score": 10,
   "document": "와 이 영화 찐이다",
   "label": 1
 },
 {
   "movie_seq": 21,
   "review_seq": 9,
   "star_score": 10,
   "document": "너무 재미있네요 완성도 높은 영화 개봉해주셔서 감사합니다",
   "label": 1
 },
 {
   "movie_seq": 21,
   "review_seq": 10,
   "star_score": 2,
   "document": "북한은 대한민국의 주적입니다",
   "label": 0
 },
 {
   "movie_seq": 21,
   "review_seq": 11,
   "star_score": 9,
   "document": "총을 장난감처럼 사용하던 어린이들의 웃음이 잊혀지지 않는다",
   "label": 1
 },
 {
   "movie_seq": 21,
   "review_seq": 12,
   "star_score": 10,
   "document": "허준호 카리스마 개미쳤음ㅠㅡㅠ 대사 안쳐도 눈빛으로 분위기 장악해벌임연기는 믿고 본다",
   "label": 1
 },
 {
   "movie_seq": 21,
   "review_seq": 13,
   "star_score": 10,
   "document": "신파도 없고 정치도 없고 오로지 살아서 돌아가고자 하는 목적에 포커싱 되어있어서 좋음",
   "label": 1
 },
 {
   "movie_seq": 21,
   "review_seq": 14,
   "star_score": 10,
   "document": "허준호아저씨가 최고인데",
   "label": 1
 },
 {
   "movie_seq": 21,
   "review_seq": 15,
   "star_score": 10,
   "document": "조인성은 사랑입니다 연기며얼굴이며",
   "label": 1
 },
 {
   "movie_seq": 21,
   "review_seq": 16,
   "star_score": 10,
   "document": "김윤석 배우의 출연영화는 다 보는편인데 조인성까지 나오니 안볼이유가 없음 ㅎㅎㅎ",
   "label": 1
 },
 {
   "movie_seq": 21,
   "review_seq": 17,
   "star_score": 10,
   "document": "시간이 아깝지 않은 영화 보는 내내 점점 빠져들었다특히 배우들 연기가 압권",
   "label": 1
 },
 {
   "movie_seq": 21,
   "review_seq": 18,
   "star_score": 10,
   "document": "조인성씨 연기에 다시한번 놀랍니다 진짜 잘하네요 ㅠㅠ",
   "label": 1
 },
 {
   "movie_seq": 21,
   "review_seq": 19,
   "star_score": 10,
   "document": "이거 평점 왜케 낮아 신세계를 경험했는데",
   "label": 1
 },
 {
   "movie_seq": 21,
   "review_seq": 20,
   "star_score": 10,
   "document": "불필요한 신파을 덜어냈는데 울림이 있다명품연기와 명품감독이 이뤄낸 쾌거",
   "label": 1
 },
 {
   "movie_seq": 21,
   "review_seq": 21,
   "star_score": 10,
   "document": "배우들 연기 너무 좋고 오랜만에 이국적인 현지 느낌이 좋았다카체이싱 장면 간질간질 발동동 마지막에 신파 없이 마무리한게 굳굳",
   "label": 1
 },
 {
   "movie_seq": 21,
   "review_seq": 22,
   "star_score": 10,
   "document": "영화에 집중하다보니  바로 끝남 시간순삭 ㄷㄷ 간만에 몰입해서 영화본듯",
   "label": 1
 },
 {
   "movie_seq": 21,
   "review_seq": 23,
   "star_score": 10,
   "document": "여름엔 역시 이런 스케일 영화 봐줘야함 진짜 오랜만에 스케일 큰 영화 봤다 올 한국영화중 단연컨데 위인 듯",
   "label": 1
 },
 {
   "movie_seq": 21,
   "review_seq": 24,
   "star_score": 10,
   "document": "말이 필요음따 본인 원래 영화댓글 안 다는데 네이버 로그인했다 형 긴말안한다 봐라",
   "label": 1
 },
 {
   "movie_seq": 21,
   "review_seq": 25,
   "star_score": 9,
   "document": "유난히 날카로운 총소리가 극 중 인물들의 불안과 공포에 이입하게 만들어줬다 실탄을 장전한 총을 들고 장난스레 어른들을 위협하며 겁에 질린 모습에 깔깔 대는 아이들의 표정이 가장 큰 비극이었다 신파 없는 영화",
   "label": 1
 },
 {
   "movie_seq": 21,
   "review_seq": 26,
   "star_score": 10,
   "document": "신파없이 담백해서 좋았고 그에 반해 스케일이랑 액션은 장난 아님",
   "label": 1
 },
 {
   "movie_seq": 21,
   "review_seq": 27,
   "star_score": 10,
   "document": "이 영화는 꼭 극장에서 보셔야 합니다 더위를 날려줄 액션과 감동이 있는 영화  후회 안하실 거예요",
   "label": 1
 },
 {
   "movie_seq": 21,
   "review_seq": 28,
   "star_score": 10,
   "document": "영화도 안보고 점 주는 알바들 꼴뵈기 싫어서 남김ㅋㅋ 깔거면 좀 보고 까라",
   "label": 1
 },
 {
   "movie_seq": 21,
   "review_seq": 29,
   "star_score": 10,
   "document": "오랜만에 재밌게 본 영화였던거 같음 ㅋ 배우들 연기도 그렇고 조인성 배우 연기능 여기서가 훨씬 자연스러워서 놀랐음그리고 류감독님 역시 완성도 있음 ㅎ",
   "label": 1
 },
 {
   "movie_seq": 21,
   "review_seq": 30,
   "star_score": 10,
   "document": "김윤석조인성말 다했지 뭐야추천추천",
   "label": 1
 },
 {
   "movie_seq": 21,
   "review_seq": 31,
   "star_score": 10,
   "document": "꼭 보지도 않은것들이 정만식 배우 욕하더라ㅋㅋㅋ하여간 돈 안드는 거는 젤 먼저 나서서 하는 극강의 가성비충들 대단하심 영화 진짜 마음에 듦 정만식 배우 연기 너무 잘하시고 다른 배우들도 연기 너무 잘하심 몰입도",
   "label": 1
 },
 {
   "movie_seq": 21,
   "review_seq": 32,
   "star_score": 9,
   "document": "방금 보고 나왔어요 얼핏하면 신파가 생길 수도 있는 소재인데 신파 없이 담백해서 좋았어요 정만식님의 감초같은 연기도 재밌었습니다 추천하는 영화입니다",
   "label": 1
 },
 {
   "movie_seq": 21,
   "review_seq": 33,
   "star_score": 10,
   "document": "과하지 않으니 감동이 더 밀려오네요카체이싱 압권입니다",
   "label": 1
 },
 {
   "movie_seq": 21,
   "review_seq": 34,
   "star_score": 10,
   "document": "정만식 배우님 덕분에 좋은 영화 잘 보고 왔습니다 실제 있었던 이야기를 바탕으로 하여 더욱 몰입되었네요",
   "label": 1
 },
 {
   "movie_seq": 21,
   "review_seq": 35,
   "star_score": 10,
   "document": "여름에 보니까 진짜 시원해지는 것 같고 꿀잼이었습니다 어떻게 찍었는지 진짜 긴장감 넘쳐서 너무 재밌게 봤어요 올해 본 영화 중에 제일 존잼탱구리",
   "label": 1
 },
 {
   "movie_seq": 21,
   "review_seq": 36,
   "star_score": 10,
   "document": "배우들 연기 정말 크으 ",
   "label": 1
 },
 {
   "movie_seq": 21,
   "review_seq": 37,
   "star_score": 10,
   "document": "재밌더라구용 ㅋㅋ또 봐도 괜찮을 듯 정만식 배우님 화이팅",
   "label": 1
 },
 {
   "movie_seq": 21,
   "review_seq": 38,
   "star_score": 10,
   "document": "아니 기대 하나도 안하고봤는데 영화 걍 지렸네 극장에서 안보면 ㄹㅇ로 개후회할듯ㅋㅋㅋㅋ",
   "label": 1
 },
 {
   "movie_seq": 21,
   "review_seq": 39,
   "star_score": 10,
   "document": "북한 사람에게 자막 있는 게 오히려 좋았음 한국에서는 그쪽도 이방인이라는 걸 보여주는 느낌이 들었음",
   "label": 1
 },
 {
   "movie_seq": 21,
   "review_seq": 40,
   "star_score": 10,
   "document": "정만식 배우님 때문에 보고 왔는데 너무 재밌네요 간만에 영화다운 영화였습니다",
   "label": 1
 },
 {
   "movie_seq": 21,
   "review_seq": 41,
   "star_score": 10,
   "document": "와우 류승완이 류승완 했네요보는 내내 집중도 최고였어요 재밌어요조인성은 뭐최고네요 때깔도 좋고 액션도 좋고 딱 지금 시기에 볼만합니다",
   "label": 1
 },
 {
   "movie_seq": 21,
   "review_seq": 42,
   "star_score": 10,
   "document": "김윤석 조인성의 뛰어난 연기력에 몰입 되고 카체이싱에서 감탄했네요 적극 추천합니다",
   "label": 1
 },
 {
   "movie_seq": 21,
   "review_seq": 43,
   "star_score": 10,
   "document": "좋은 재료로 재료의 맛을 어떻게 하면 제일 잘 살릴 수 있을지 고민한 잘 만든 영화라는 느낌 엄마가 보고싶다고 하셔서 아 포스터 쫌 더워보이는데연기 구경하러 가지뭐 하고 갔다가 내가 더 몰입해서 보고 온 영화",
   "label": 1
 },
 {
   "movie_seq": 21,
   "review_seq": 44,
   "star_score": 10,
   "document": "오랜만에 한국영화 중에서 진짜 제일 재미있게 봤다 와 최고다 찐이다 이건 진짜로",
   "label": 1
 },
 {
   "movie_seq": 21,
   "review_seq": 45,
   "star_score": 10,
   "document": "재밌음 근데 별점 ㅌㅐ러하는 개념없는 놈들때문에 ㄷㅓ 점 주고싶음 개빡치네 할일이 그렇게나 없을꼬 ㅉㅉ",
   "label": 1
 },
 {
   "movie_seq": 21,
   "review_seq": 46,
   "star_score": 10,
   "document": "간만에 진짜 몰입감 있게 본 영화 내용도 어렵지 않고 상황과 연기와 액션이 끝까지 몰아친다 사운드 좋은 관에서 다시 볼 생각 있음",
   "label": 1
 },
 {
   "movie_seq": 21,
   "review_seq": 47,
   "star_score": 10,
   "document": "모든 배우들 연기를 너무 잘하십니다",
   "label": 1
 },
 {
   "movie_seq": 21,
   "review_seq": 48,
   "star_score": 10,
   "document": "정만식 배우님 덕에 알게 된 영화였는데 친구랑 정말 재밌게 잘 보았습니다스토리도 좋았고 영상미도 뛰어나서 멋있었습니다ㅎㅎㅎ",
   "label": 1
 },
 {
   "movie_seq": 21,
   "review_seq": 49,
   "star_score": 10,
   "document": "한순간도 지루하지 않고 몰입해서 볼 수 있었다 올해 최고의 영화",
   "label": 1
 },
 {
   "movie_seq": 21,
   "review_seq": 50,
   "star_score": 10,
   "document": "추격씬 소오름 연기 오지고염 신파없는 한국영화간만에 웰메이드 영화봤네요 시간순삭 강추 코로나에 개봉한게 아쉬울뿐",
   "label": 1
 }
]