[
 {
   "movie_seq": 15,
   "review_seq": 0,
   "star_score": 10,
   "document": "압도적인 영상미 눈을 뗄 수 없는 연출 본인만의 스타일 확실한  영화 무엇보다 음악이 신의 한 수",
   "label": 1
 },
 {
   "movie_seq": 15,
   "review_seq": 1,
   "star_score": 8,
   "document": "주연에 모래벌레도 출연시켜놔야 한다",
   "label": 1
 },
 {
   "movie_seq": 15,
   "review_seq": 2,
   "star_score": 10,
   "document": "배우들이 화려하게 뭘 하는 건 아닌데 그냥 영화 자체가 화려함ㅋㅋㅋ내용은 그냥 서막 수준이라 지루할 수도 있는데 비주얼적으로 되게 기이하고 웅장해서 좋았음",
   "label": 1
 },
 {
   "movie_seq": 15,
   "review_seq": 3,
   "star_score": 8,
   "document": "보는게 아니라 체험하는 영화 두시간 반 모래바람 속에 있다 나온 기분",
   "label": 1
 },
 {
   "movie_seq": 15,
   "review_seq": 4,
   "star_score": 10,
   "document": "이게영화지이게영화지",
   "label": 1
 },
 {
   "movie_seq": 15,
   "review_seq": 5,
   "star_score": 10,
   "document": "기대했던 만큼 재미있었다 영화관에서 안 봤으면 평생 후회했을 듯 시간 가는 줄 모르고 봤음 근데 설마 여기서 끝나 에이 말도안돼 아니 이게 이렇게 실화 하다가 ㄹㅇ 끝났음 편을 위한 빌드업인 것 같은",
   "label": 1
 },
 {
   "movie_seq": 15,
   "review_seq": 6,
   "star_score": 10,
   "document": "개인적이지만 이런 영화 좋아한다면 취향 다 때려박은 영화입니다한번 더 볼 예정입니다",
   "label": 1
 },
 {
   "movie_seq": 15,
   "review_seq": 7,
   "star_score": 10,
   "document": "서사에 불과할뿐 앞으로 대장정의 시작 명쾌한 연기흡입력",
   "label": 1
 },
 {
   "movie_seq": 15,
   "review_seq": 8,
   "star_score": 10,
   "document": "편이 기다려지는 또하나의 걸작",
   "label": 1
 },
 {
   "movie_seq": 15,
   "review_seq": 9,
   "star_score": 6,
   "document": "드니 빌뇌브 감독에 영상미는 황홀하고 음악은 웅장하고 캐스팅도 대박인데 이상하게 영화가 밋밋함",
   "label": 0
 },
 {
   "movie_seq": 15,
   "review_seq": 10,
   "star_score": 4,
   "document": "아무런 배경지식 없이 봤을때 내용 자체가 세계관 설명 및 다음 편을 위한 준비단계로 느껴져요솔직히 지루합니다",
   "label": 0
 },
 {
   "movie_seq": 15,
   "review_seq": 11,
   "star_score": 10,
   "document": "티모시 당신의 얼굴에 치얼스",
   "label": 1
 },
 {
   "movie_seq": 15,
   "review_seq": 12,
   "star_score": 1,
   "document": "확실히 대중적인 영화 아님 배경만 실체는 중세시대 칼싸움",
   "label": 0
 },
 {
   "movie_seq": 15,
   "review_seq": 13,
   "star_score": 4,
   "document": "내용이 너무 지루했어요",
   "label": 0
 },
 {
   "movie_seq": 15,
   "review_seq": 14,
   "star_score": 4,
   "document": "영화가 너무 길게만 느껴졌다",
   "label": 0
 },
 {
   "movie_seq": 15,
   "review_seq": 15,
   "star_score": 1,
   "document": "영상미는 있는데재미는 없음",
   "label": 0
 },
 {
   "movie_seq": 15,
   "review_seq": 16,
   "star_score": 1,
   "document": "잠만 자다왔네 이게 영화냐",
   "label": 0
 },
 {
   "movie_seq": 15,
   "review_seq": 17,
   "star_score": 4,
   "document": "이걸 보고 사람들이 듄이라는 작품에 흥미가 생긴다기보단 듄이라는 작품에 먼저 흥미가 있던 사람들이 만족스럽게 볼 것 같은 영화였다",
   "label": 0
 },
 {
   "movie_seq": 15,
   "review_seq": 18,
   "star_score": 10,
   "document": "나만 당할수 없다어서 극장으로 달려가세욧",
   "label": 1
 },
 {
   "movie_seq": 15,
   "review_seq": 19,
   "star_score": 1,
   "document": "너무 긴 러닝타임 영상미 음악은 좋으나 편을 가기 위한 긴 예고편일뿐 재미는 없음",
   "label": 0
 },
 {
   "movie_seq": 15,
   "review_seq": 20,
   "star_score": 6,
   "document": "나쁘지 않은데요 러닝 타임은 너무 길고 재미는 없어서 힘들었어요",
   "label": 0
 },
 {
   "movie_seq": 15,
   "review_seq": 21,
   "star_score": 6,
   "document": "화려한 영상미에 비해 다소 단조로운 스토리 중간에 졸았ㅠㅠ",
   "label": 0
 },
 {
   "movie_seq": 15,
   "review_seq": 22,
   "star_score": 4,
   "document": "세계관에 대한 자연스러운 묘사와 연출이 대단하다하지만 난해한 스토리 전개와 일관되게 늘어지는 템포가 러닝타임을 지루하게 만든다",
   "label": 0
 },
 {
   "movie_seq": 15,
   "review_seq": 23,
   "star_score": 3,
   "document": "웅장한 스케일과 영상미는 좋았으나 도돌이표처럼 되풀이되는 대사와 상황 전개 시리즈 제작을 염두에 둔 결말 없는 마무리는 엄청난 기대를 실망으로 바꿔 버리네요",
   "label": 0
 },
 {
   "movie_seq": 15,
   "review_seq": 24,
   "star_score": 6,
   "document": "파트를 위한 두시간반짜리 예고편 전투씬이 정말없어요",
   "label": 0
 },
 {
   "movie_seq": 15,
   "review_seq": 25,
   "star_score": 6,
   "document": "원작소설 권중 권 보고나온 느낌감독과 원작의 팬이라면 아주 훌륭하지만아니라면 심심하고 지루한 영화",
   "label": 0
 },
 {
   "movie_seq": 15,
   "review_seq": 26,
   "star_score": 1,
   "document": "노잼을 넘은 개노잼을 넘어 쌉노잼 이걸 극장가서 돈과 시간을 날린 내가 레전드다 하수면장애 있으신분들껜 추천합니다 꿀잠주무세요",
   "label": 0
 },
 {
   "movie_seq": 15,
   "review_seq": 27,
   "star_score": 10,
   "document": "아직 내 입에서 모래가 씹힌다",
   "label": 1
 },
 {
   "movie_seq": 15,
   "review_seq": 28,
   "star_score": 7,
   "document": "호평이 많지만 개인적으로는 너무 편을 위한 영화인 것만 같아 아쉬웠다",
   "label": 1
 },
 {
   "movie_seq": 15,
   "review_seq": 29,
   "star_score": 10,
   "document": "나도 세계관 암것도 모르고 봤다 이게 어떻게 지루한영화인지 노이해고 인생영화라고 생각될만큼 진짜 감명깊게봤다 그냥 초반부터 지지고싸우는영화를 보고싶으면 존윅을 보시기 추천함",
   "label": 1
 },
 {
   "movie_seq": 15,
   "review_seq": 30,
   "star_score": 10,
   "document": "영화관 가서 안 끝나길 바랐던 영화",
   "label": 1
 },
 {
   "movie_seq": 15,
   "review_seq": 31,
   "star_score": 10,
   "document": "개인적으로 빌뇌브 작품을 선호합니다 기대를 저버러지 않았습니다 그냥 미쳤다라고 밖에 생각이 안 듭니다 다음 작품이 너무 기대됩니다",
   "label": 1
 },
 {
   "movie_seq": 15,
   "review_seq": 32,
   "star_score": 2,
   "document": "생각나는거  우에으아",
   "label": 0
 },
 {
   "movie_seq": 15,
   "review_seq": 33,
   "star_score": 10,
   "document": "티모시 연기 잘한다",
   "label": 1
 },
 {
   "movie_seq": 15,
   "review_seq": 34,
   "star_score": 6,
   "document": "원작을 모르는 사람에게는 너무 방대한 예고편일뿐",
   "label": 0
 },
 {
   "movie_seq": 15,
   "review_seq": 35,
   "star_score": 8,
   "document": "    ",
   "label": 1
 },
 {
   "movie_seq": 15,
   "review_seq": 36,
   "star_score": 10,
   "document": "대서사의 막을 여는 경이로운 스케일",
   "label": 1
 },
 {
   "movie_seq": 15,
   "review_seq": 37,
   "star_score": 10,
   "document": "두려움은 마음을 죽인다 두려움이 사라지면 나만 오롯이 남는다 이미 다음편이 기대됩니다",
   "label": 1
 },
 {
   "movie_seq": 15,
   "review_seq": 38,
   "star_score": 5,
   "document": "이건 반지 원정대 본 것보다도 더 지루하고 시작이 밋밋하다 황제의 간교와 두 가문간 싸움이 이렇게 지루하다니 편 나오면 그때 다시 편 봐야겠다 그 전까지 또 봤다간 졸 것 같다",
   "label": 0
 },
 {
   "movie_seq": 15,
   "review_seq": 39,
   "star_score": 6,
   "document": "영상미와 캐릭터들의 외모연기는 나쁘지 않았음그런데 이게 전부임원작을 안 봤더라도 영화는 너무 지루하게 만들어졌고사운드는 웅장을 넘어서 귀를 너무 아프게 하고전투씬은 함선들이 공격하는 것 빼곤 그렇게 흥미롭",
   "label": 0
 },
 {
   "movie_seq": 15,
   "review_seq": 40,
   "star_score": 5,
   "document": "분이 넘는 예고편이라니",
   "label": 0
 },
 {
   "movie_seq": 15,
   "review_seq": 41,
   "star_score": 2,
   "document": "그냥 영상미만 있음우주선 만드는 기술이 있는데 싸우는건 칼창독침으로 싸움 비효율 쩌러버려서 집중안됨",
   "label": 0
 },
 {
   "movie_seq": 15,
   "review_seq": 42,
   "star_score": 9,
   "document": "잘 만든 영화라고 본다 관객들의 흥미를 끌기 위해 지나치게 안달하지 않고 천천히 이야기를 전개해나가는 숙련미가 좋았다 그래서 중반에 조금 지루해지는 면도 있었지만 숙면을 취하지 않고 참고 보다보면 극적인 전개",
   "label": 1
 },
 {
   "movie_seq": 15,
   "review_seq": 43,
   "star_score": 10,
   "document": "이터널스 빨리 내리고 듄 다시 걸어라",
   "label": 1
 },
 {
   "movie_seq": 15,
   "review_seq": 44,
   "star_score": 8,
   "document": "설명하느라 욕 봤다 파트가 본격",
   "label": 1
 },
 {
   "movie_seq": 15,
   "review_seq": 45,
   "star_score": 10,
   "document": "스타워즈같은 우주대모험 생각하고갔는데 전혀 결이 다릅니다 듄의 세계에 담궈져서 압도당하는 느낌 시종일관 모래씹은 듯 무미건조한데 가슴이 웅장합니다드니 감독님이 티모시 만난게 우주의 섭리인 듯 모래에 질릴 만",
   "label": 1
 },
 {
   "movie_seq": 15,
   "review_seq": 46,
   "star_score": 2,
   "document": "지루함 기술 구사는 최고",
   "label": 0
 },
 {
   "movie_seq": 15,
   "review_seq": 47,
   "star_score": 10,
   "document": "아이맥스 돌아와ㅜㅠㅠㅠ또보고싶어ㅜㅜㅠ",
   "label": 1
 },
 {
   "movie_seq": 15,
   "review_seq": 48,
   "star_score": 1,
   "document": "영화 자체만으로 이해가 되어야 하는데 영화를 보기위해 공부를 해야 하는 영화",
   "label": 0
 },
 {
   "movie_seq": 15,
   "review_seq": 49,
   "star_score": 6,
   "document": "원작을 안본 입장에서는 조금 지루",
   "label": 0
 },
 {
   "movie_seq": 15,
   "review_seq": 50,
   "star_score": 1,
   "document": "영화 속 세계관을 이해하는 것도 피곤 화면은 온통 거멓거나 회색이거나 모래거나 해서 눈도 피곤 시간 분을 앉아 있어야 하는것도 지루 부터는 재밌을거 같은데 좀 힘들었다 심지어 결투씬도 재미없음",
   "label": 0
 }
]