[
 {
   "movie_seq": 18,
   "review_seq": 0,
   "star_score": 6,
   "document": "공포가 아니라 그냥 기괴함 나중에가선 그 기괴함마저도 아이러니함 페이크 다큐식 영화인데 스토리의 흐름이나 구성에 정점이 없으니 그냥 밍밍 합니다 뭐 영화내에서도 계속 밍 밍 거리긴 하지만 밍밍합니다",
   "label": 0
 },
 {
   "movie_seq": 18,
   "review_seq": 1,
   "star_score": 1,
   "document": "이런 영화보기 위해 시간과 돈을 낭비하지 마세요 세상에는 아직 봐야할 다른 좋은 영화들이 많습니다 무섭지도 않고 신선하거나 화려하지도 않으며 아무 여운도 없습니다 귀신의 정체도 불분명하고 제작자의 의도도 모호하",
   "label": 0
 },
 {
   "movie_seq": 18,
   "review_seq": 2,
   "star_score": 7,
   "document": "보고난뒤 기분이 더러웠는데 집와서 치킨 뜯으니 좀낫다",
   "label": 1
 },
 {
   "movie_seq": 18,
   "review_seq": 3,
   "star_score": 1,
   "document": "온갖 금은 때려넣은 영화 티비  중에 무료로 푸는 년 전 영화 느낌 시간이 아까움 돈과 시간을 버리고싶을 때 보러가는 걸 추천",
   "label": 0
 },
 {
   "movie_seq": 18,
   "review_seq": 4,
   "star_score": 1,
   "document": "바이럴 마케팅에 내돈을 낭비한 것에 너무나 화가나는 영화그렇게 무섭지도 않고 재미있지도 않음그냥 영화가 재미없어요",
   "label": 0
 },
 {
   "movie_seq": 18,
   "review_seq": 5,
   "star_score": 4,
   "document": "핸드캠 들고있는 인간다큐 제작진이 스토리 내에 개입하는 느낌이 거의 없는데 제자 눈으로 볼거면 페이크 다큐 형식을 택한 이유가 뭔지 몰입감 제로",
   "label": 0
 },
 {
   "movie_seq": 18,
   "review_seq": 6,
   "star_score": 7,
   "document": "전반적으로 부족했던 공포감을 여배우의 연기력으로 이상 이끌어냄 다른건 몰라도 그 광기어린 연기는 계속 떠오름",
   "label": 1
 },
 {
   "movie_seq": 18,
   "review_seq": 7,
   "star_score": 6,
   "document": "나홍진식 공포영화는 절대 아님",
   "label": 0
 },
 {
   "movie_seq": 18,
   "review_seq": 8,
   "star_score": 7,
   "document": "생각보다 유치했어요",
   "label": 1
 },
 {
   "movie_seq": 18,
   "review_seq": 9,
   "star_score": 1,
   "document": "점 주는 사람은 딱 두 부류임 배급사 알바  나만 걸릴순없지 마인드",
   "label": 0
 },
 {
   "movie_seq": 18,
   "review_seq": 10,
   "star_score": 1,
   "document": "마케팅에 당했다 정극에서 좀비영화로 마무리 되는것을 봤다이정도면 나홍진 감독도 아 내가 태국가서 사기 당했구나 하고 느끼고 있을것 같다그냥 돈 낭비 하지 말고 집에서 보자",
   "label": 0
 },
 {
   "movie_seq": 18,
   "review_seq": 11,
   "star_score": 1,
   "document": "낚였다 곡성이 훨 무섭다 그리고 무엇보다 재미가 너무 없다 차라리 무당의 삶을 보여주는 앞 두시간 정도가 더 재미있을정도",
   "label": 0
 },
 {
   "movie_seq": 18,
   "review_seq": 12,
   "star_score": 1,
   "document": "나홍진사기꾼진짜 곤지암같은 개똥같은 영화를 이렇게 포장하다니 너무 화난다",
   "label": 0
 },
 {
   "movie_seq": 18,
   "review_seq": 13,
   "star_score": 1,
   "document": "최악 내가 이걸 왜 보고있나",
   "label": 0
 },
 {
   "movie_seq": 18,
   "review_seq": 14,
   "star_score": 2,
   "document": "곡성과 같은 명작을 기대했는데 난데없는 좀비물ㅠㅠ",
   "label": 0
 },
 {
   "movie_seq": 18,
   "review_seq": 15,
   "star_score": 2,
   "document": "배우 연기 아니였으면 점도 아까움너무 많은걸 담으려했다",
   "label": 0
 },
 {
   "movie_seq": 18,
   "review_seq": 16,
   "star_score": 1,
   "document": "기묘이지 리뷰 보고 기대했는데 낚임 힙스터들도 먹다 뱉을 영화 평점 너무 높아서 반개만 드림",
   "label": 0
 },
 {
   "movie_seq": 18,
   "review_seq": 17,
   "star_score": 1,
   "document": "초반부터 지루하더니 어설픈 엑소시스트 베끼기로 진행되다가 갑자기 좀비물로 바뀜 결국은 신파까지 나오면서 절로 욕이 나오게 하는 영화 나홍진 님 이건 정말 아니지 않아요",
   "label": 0
 },
 {
   "movie_seq": 18,
   "review_seq": 18,
   "star_score": 4,
   "document": "후반부 부터 그냥 영화관 나가고 싶었음 후이건 아니지",
   "label": 0
 },
 {
   "movie_seq": 18,
   "review_seq": 19,
   "star_score": 3,
   "document": "이거 쓸라고 개봉 당일 조조 첫타임으로 영화봄 ㅎㅎ애매하게 거지같습니다 참 애매함 걍 지루했고 빨리 끝났으면 좋겠었음내내생각함 불필요한 연출들이 많았다고 생각함 그거만 줄이거나 컷했어도 ",
   "label": 0
 },
 {
   "movie_seq": 18,
   "review_seq": 20,
   "star_score": 1,
   "document": "거장과 거장이 만난다고 좋은 작품이 만들어지지는 않는가 보다 돈 아까움",
   "label": 0
 },
 {
   "movie_seq": 18,
   "review_seq": 21,
   "star_score": 1,
   "document": "랑종 감염된 케리건의 재림",
   "label": 0
 },
 {
   "movie_seq": 18,
   "review_seq": 22,
   "star_score": 1,
   "document": "천 원 주고 봤는데 돈 아까웠음 기대를 너무 많이 해서 그런가그리고 랑종은 킬링타임용 영화가 아니라 그냥 졸작임 공포영환데 안 무서움 그냥 안 무서움 주변 사람들한테 무료로 풀려도 보지 말라고 전해줌 시",
   "label": 0
 },
 {
   "movie_seq": 18,
   "review_seq": 23,
   "star_score": 3,
   "document": "나홍진 마케팅에 낚였다",
   "label": 0
 },
 {
   "movie_seq": 18,
   "review_seq": 24,
   "star_score": 4,
   "document": "년만에 감독보고 간 극장 실망 유치하고 무섭지도 않고 내용도 너무 뻔함",
   "label": 0
 },
 {
   "movie_seq": 18,
   "review_seq": 25,
   "star_score": 1,
   "document": "방금 보고 왔는데 기대와는 달리 무섭지도 않고 내용도 재미 없어서 시간 낭비한것 같고 추천 안합니다촬영감독이 나홍진이여서 기대했지만 기대이하였습니다",
   "label": 0
 },
 {
   "movie_seq": 18,
   "review_seq": 26,
   "star_score": 7,
   "document": "내가 무슨 정신머리로 저걸 끝까지 봤는지 지금도 미스테리하다",
   "label": 1
 },
 {
   "movie_seq": 18,
   "review_seq": 27,
   "star_score": 5,
   "document": "곡성이 주는 새로움 신선함 그런느낌은 안들었고 공포스릴러좀비영화의 느낌이 더 강하네용 너무 혐오스럽고 역겨운 장면들때메 눈가리고 못본장면이 꽤 돼네요 영화다보구 나면 심장이 쿵쾅거리는 그런 느낌보다는 구역질",
   "label": 0
 },
 {
   "movie_seq": 18,
   "review_seq": 28,
   "star_score": 3,
   "document": "쓸데없이의아한 연출",
   "label": 0
 },
 {
   "movie_seq": 18,
   "review_seq": 29,
   "star_score": 1,
   "document": "언플로 포장된 희대의 쓰레기",
   "label": 0
 },
 {
   "movie_seq": 18,
   "review_seq": 30,
   "star_score": 6,
   "document": "영화 곡성 생각해서 관람 한다면 실망할 영화",
   "label": 0
 },
 {
   "movie_seq": 18,
   "review_seq": 31,
   "star_score": 2,
   "document": "공포영화를 좋아해서 너무 기대하고 봤나봐요 전 지인들에겐 추천ㄴㄴ 차라리 컨저링이 더 좋았어요",
   "label": 0
 },
 {
   "movie_seq": 18,
   "review_seq": 32,
   "star_score": 1,
   "document": "노잼",
   "label": 0
 },
 {
   "movie_seq": 18,
   "review_seq": 33,
   "star_score": 3,
   "document": "밍밍합니다 나홍진 마케팅과 평론가 홍보를 잘 한 것 외에 영화는 정말 심심하고 후반부 어이없습니다 밍밍합니다 다들 많이 써주셨네요 밍밍합니다",
   "label": 0
 },
 {
   "movie_seq": 18,
   "review_seq": 34,
   "star_score": 7,
   "document": "좀비영화인줄",
   "label": 1
 },
 {
   "movie_seq": 18,
   "review_seq": 35,
   "star_score": 7,
   "document": "공포영화매니아 입장  무섭지않다볼만한 포인트 태국배우들의 연기영화의 디테일이 살아있으나 굳이 잔인하지않아도 노출이없엇어도 될것같은 장면들에서 감점 가끔 눈살이 찌푸려짐",
   "label": 1
 },
 {
   "movie_seq": 18,
   "review_seq": 36,
   "star_score": 1,
   "document": "역겨움과 불쾌함만 남는 영화",
   "label": 0
 },
 {
   "movie_seq": 18,
   "review_seq": 37,
   "star_score": 6,
   "document": "영화보다가 어지러워서 죽는줄 내가 신내림 받는 줄 알았다",
   "label": 0
 },
 {
   "movie_seq": 18,
   "review_seq": 38,
   "star_score": 3,
   "document": "너무 열받어 개같은 영화",
   "label": 0
 },
 {
   "movie_seq": 18,
   "review_seq": 39,
   "star_score": 1,
   "document": "뭐 이딴게 있지",
   "label": 0
 },
 {
   "movie_seq": 18,
   "review_seq": 40,
   "star_score": 10,
   "document": "여자친구 악력이 이렇게 좋은줄 이제 알았네요",
   "label": 1
 },
 {
   "movie_seq": 18,
   "review_seq": 41,
   "star_score": 1,
   "document": "수정 바이럴마케터들이  기사 등으로 열심히 홍보하는 걸 보고 또 열받아서 후기 수정하러옴 보통 공포영화라 함은 보고나서 밤에 불 끄기 무섭고 샤워할 때 눈 감기 무서울 정도로 두고두고 여운이 남는 게 정",
   "label": 0
 },
 {
   "movie_seq": 18,
   "review_seq": 42,
   "star_score": 2,
   "document": "여배우의 연기력은 좋았으나 예술이라는 명목으로 여배우에게 기괴한짓이란 짓은 다 시키는 영화 극장을 이탈하고 싶었고 구역질이 났다",
   "label": 0
 },
 {
   "movie_seq": 18,
   "review_seq": 43,
   "star_score": 6,
   "document": "나홍진으로 마케팅을 때리니 곡성과 비교하게 되는데 곡성에 비해 루즈한 전개를 잔인함으로 때운다 아주 재미없진 않은데 조용히 진행되다 마지막에 슬래셔무비 찍고 끝나니 머여이거하게 됨 딸의 광인 연기가 기가 ",
   "label": 0
 },
 {
   "movie_seq": 18,
   "review_seq": 44,
   "star_score": 1,
   "document": "내 피같은 돈을 내면서 내 금같은 여가시간에 기분 개잡치고 싶다 하시는 분들께 추천하는 영화입니다 공포영화가 아니라 불쾌영화구요 의미도 감동도 재미도 꿈도 희망도 없고 잔인하고 역겨운 장면들만 보여주다 끝납니다",
   "label": 0
 },
 {
   "movie_seq": 18,
   "review_seq": 45,
   "star_score": 4,
   "document": "기대가 너무 컷나봐요 ㅠ",
   "label": 0
 },
 {
   "movie_seq": 18,
   "review_seq": 46,
   "star_score": 6,
   "document": "미스테리는 사라지고 피칠갑만 남은  호러 촬영쇼",
   "label": 0
 },
 {
   "movie_seq": 18,
   "review_seq": 47,
   "star_score": 7,
   "document": "무섭다기 보단 기괴하고 잔인함 밍 님 때문에 끝까지 봄",
   "label": 1
 },
 {
   "movie_seq": 18,
   "review_seq": 48,
   "star_score": 1,
   "document": "잠오는 영화 기",
   "label": 0
 },
 {
   "movie_seq": 18,
   "review_seq": 49,
   "star_score": 5,
   "document": "셔터감독과 곡성감독이 만나 서로 오점을 남겼네",
   "label": 0
 },
 {
   "movie_seq": 18,
   "review_seq": 50,
   "star_score": 2,
   "document": "올해 최악의 영화입니다 더 좋은영화 보세요",
   "label": 0
 }
]