[
 {
   "movie_seq": 16,
   "review_seq": 0,
   "star_score": 10,
   "document": "연인들을 위한 영화가 아니다 여성관객들을 위한 영화도 아니다 이 영화는 꿈꾸는 모든 이들을 위한 영화 인생을 논하는 영화",
   "label": 1
 },
 {
   "movie_seq": 16,
   "review_seq": 1,
   "star_score": 10,
   "document": "운행종료한 놀이공원에 노래가 계속 나오는 것같다",
   "label": 1
 },
 {
   "movie_seq": 16,
   "review_seq": 2,
   "star_score": 10,
   "document": "재즈가 이토록 설레고 이렇게 슬프다니라라랜드는 슬픔과 환희의 설레임이다",
   "label": 1
 },
 {
   "movie_seq": 16,
   "review_seq": 3,
   "star_score": 7,
   "document": "슬프기 짝이 없는 상상",
   "label": 1
 },
 {
   "movie_seq": 16,
   "review_seq": 4,
   "star_score": 9,
   "document": "아이러니컬하게도 꿈이라는 건 이루고 난 뒤보다 이루기 전까지가 실은 가장 행복했다는 걸 이루고 난 뒤에야 깨닫는다는 인생의 진실을 가슴 아프게 그리고 아름답게 보여주는 영화",
   "label": 1
 },
 {
   "movie_seq": 16,
   "review_seq": 5,
   "star_score": 8,
   "document": "다시 돌아간다면 지금과 달랐을까",
   "label": 1
 },
 {
   "movie_seq": 16,
   "review_seq": 6,
   "star_score": 10,
   "document": "ㅤㅇㅙㄹ케눈물이나오는지ㅠㅠ",
   "label": 1
 },
 {
   "movie_seq": 16,
   "review_seq": 7,
   "star_score": 10,
   "document": "서로의 꿈을 돌보아주고 키워가며 각자의 길을 응원하는 최고의 뮤지컬",
   "label": 1
 },
 {
   "movie_seq": 16,
   "review_seq": 8,
   "star_score": 10,
   "document": "영화 시작부터 깜짝놀랐다 지금까지 본 음악영화 중에서 최고다",
   "label": 1
 },
 {
   "movie_seq": 16,
   "review_seq": 9,
   "star_score": 8,
   "document": "거의 마지막쯤에 나왔던 흐르는대로가자 라는 대사가 이 영화를 잘 나타내주었던 말인것 같다 고민되고 힘이들땐 너무 많은 것을 생각하기보다는 내맘이 끌리는 대로 흐르는대로 가자",
   "label": 1
 },
 {
   "movie_seq": 16,
   "review_seq": 10,
   "star_score": 9,
   "document": "아름디운 영화라이언고슬링 연기 조으다",
   "label": 1
 },
 {
   "movie_seq": 16,
   "review_seq": 11,
   "star_score": 8,
   "document": "어른을 위한 꿈의 동화시간이 후딱 갔네요엔딩은 현실로 여운을 남기는보면 후회하지 않을거임",
   "label": 1
 },
 {
   "movie_seq": 16,
   "review_seq": 12,
   "star_score": 10,
   "document": "이런영화가 흥행해야 함 맨날 스타 배우진만 보고 강제 흥행하려는 영화관독점영화말고",
   "label": 1
 },
 {
   "movie_seq": 16,
   "review_seq": 13,
   "star_score": 10,
   "document": "내생애 최고의 뮤지컬영화로 뽑음ㅠㅠ 넘넘 재밌음",
   "label": 1
 },
 {
   "movie_seq": 16,
   "review_seq": 14,
   "star_score": 10,
   "document": "다른사람들이 평을 너무 잘썼다 내마음도 똑같고 아 ㅅ 바 눈물좀 멈춰줘",
   "label": 1
 },
 {
   "movie_seq": 16,
   "review_seq": 15,
   "star_score": 10,
   "document": "영화보다가 박수칠뻔ㅜㅜ",
   "label": 1
 },
 {
   "movie_seq": 16,
   "review_seq": 16,
   "star_score": 10,
   "document": "오히려 더 현실적이라 재밌었다",
   "label": 1
 },
 {
   "movie_seq": 16,
   "review_seq": 17,
   "star_score": 9,
   "document": "꿈꾸는 모든 이를 위하여 꿈을 꾸는 이들이 꿈이라는 열망앞에서 현재와 미래 그리고 과거에 대하여 마주하게되는 수천개의 감정들을 로맨스로 말해주는 영화",
   "label": 1
 },
 {
   "movie_seq": 16,
   "review_seq": 18,
   "star_score": 10,
   "document": "사람들은 현실같은 영화를 지루하다고 한다 그리고 온갖 영화스러움이 가득한 영화를 현실 같다고 하곤 한다 라라랜드 보고 지루하다는 사람들은 그냥 블록버스터나 보러 가길 이 영화야말로 우리 삶을 청춘을 가장 잘 보",
   "label": 1
 },
 {
   "movie_seq": 16,
   "review_seq": 19,
   "star_score": 8,
   "document": "나에게 나보다 더 믿음을 가지고 있는 사람을 만나는건 엄청난 복인것 어쩌나 저쩌나 라이언 고슬링은 사랑입니딘",
   "label": 1
 },
 {
   "movie_seq": 16,
   "review_seq": 20,
   "star_score": 10,
   "document": "마지막 피아노 치고 해고당하는 장면에서 키스신은 정말  나도모르게 여자친구의 손을 꽉 잡아버렸다 너무 아름다운영화",
   "label": 1
 },
 {
   "movie_seq": 16,
   "review_seq": 21,
   "star_score": 10,
   "document": "우리는 지금 어디에 있는걸까",
   "label": 1
 },
 {
   "movie_seq": 16,
   "review_seq": 22,
   "star_score": 10,
   "document": "마지막 분의 여운이 아직도 펑펑울며 나가던 여자아이 ",
   "label": 1
 },
 {
   "movie_seq": 16,
   "review_seq": 23,
   "star_score": 8,
   "document": "꿈꾸고 싶어지는 영화 라라랜드",
   "label": 1
 },
 {
   "movie_seq": 16,
   "review_seq": 24,
   "star_score": 10,
   "document": "영화가 내 주변에서 스윙댄스 추고 휙 가버린 기분이다 기분이 둥둥 색감 음악 의상 모두 다 좋았다 ㅠㅠ",
   "label": 1
 },
 {
   "movie_seq": 16,
   "review_seq": 25,
   "star_score": 10,
   "document": "점이 아깝지 않은 영화  방금 보고 나왔는데 예상만큼 좋았어요 다시 보고 싶네요",
   "label": 1
 },
 {
   "movie_seq": 16,
   "review_seq": 26,
   "star_score": 10,
   "document": "마지막 장면 남자배우의 표정이 잊히지 않네요",
   "label": 1
 },
 {
   "movie_seq": 16,
   "review_seq": 27,
   "star_score": 10,
   "document": "배경이 너무 아름답고 음악이 너무좋고 재미있습니다",
   "label": 1
 },
 {
   "movie_seq": 16,
   "review_seq": 28,
   "star_score": 10,
   "document": "꿈과 성공 그리고 사랑을 인생의 선 상에서 아름답게 표현했다 춤과 노래가 어우러져 더욱 극적으로 다가옴 한편의 느낀 점 많은 성장영화였음",
   "label": 1
 },
 {
   "movie_seq": 16,
   "review_seq": 29,
   "star_score": 8,
   "document": "자극적인 영화가 주류인 요즘 같은 시대엔좀 촌스럽고 고루해보일수 있겠지만 그렇기때문에더 담백하고 새로운 기분으로 본 영화였어요",
   "label": 1
 },
 {
   "movie_seq": 16,
   "review_seq": 30,
   "star_score": 10,
   "document": "정말 최고의영화다년대 감성에내용도노래도긴영화임에도 결코 눈을 뗄 수 없는 영화였다",
   "label": 1
 },
 {
   "movie_seq": 16,
   "review_seq": 31,
   "star_score": 10,
   "document": "내 인생작이라 할만큼 재밌게봤음",
   "label": 1
 },
 {
   "movie_seq": 16,
   "review_seq": 32,
   "star_score": 8,
   "document": "어떤 노래건 어색함이 없었던 음악영화 한 해를 마무리하는 영화로 충분합니다",
   "label": 1
 },
 {
   "movie_seq": 16,
   "review_seq": 33,
   "star_score": 10,
   "document": "처음에는 당황 중간에는 만족 끝에는 헐흑흑 눈물이 나와버린 영화",
   "label": 1
 },
 {
   "movie_seq": 16,
   "review_seq": 34,
   "star_score": 1,
   "document": "저랑은 안맞는영화인것같네요",
   "label": 0
 },
 {
   "movie_seq": 16,
   "review_seq": 35,
   "star_score": 1,
   "document": "제스타일의영화가아니였습니다",
   "label": 0
 },
 {
   "movie_seq": 16,
   "review_seq": 36,
   "star_score": 10,
   "document": "어지러운 시국에 이런 일탈이라도 필요하다",
   "label": 1
 },
 {
   "movie_seq": 16,
   "review_seq": 37,
   "star_score": 10,
   "document": "번 보면 번 모두 다른 감동을 느낄 수 있을 거 같네요 그런 의미에서 또 보러갑니다",
   "label": 1
 },
 {
   "movie_seq": 16,
   "review_seq": 38,
   "star_score": 1,
   "document": "어 왜 이게 인생영화라는건지 도 모르겠어영ㅠ 노래도 좋긴한데 전체적으로 쫌 지겨운느낌",
   "label": 0
 },
 {
   "movie_seq": 16,
   "review_seq": 39,
   "star_score": 1,
   "document": "나는 개인적으로 별로 재미 없었어요",
   "label": 0
 },
 {
   "movie_seq": 16,
   "review_seq": 40,
   "star_score": 1,
   "document": "저만 재미없나봐요 ",
   "label": 0
 },
 {
   "movie_seq": 16,
   "review_seq": 41,
   "star_score": 10,
   "document": "이게 지루하다는 사람은 착각아닌 진짜 사랑이란걸 못했본 사람이고 꿈이란건 잠잘때만 꿔본 사람이다",
   "label": 1
 },
 {
   "movie_seq": 16,
   "review_seq": 42,
   "star_score": 10,
   "document": "낭만적인 사랑스런 영화입니다",
   "label": 1
 },
 {
   "movie_seq": 16,
   "review_seq": 43,
   "star_score": 10,
   "document": "  영화가 끝나는 순간 일어나서 박수를 치고 싶었다",
   "label": 1
 },
 {
   "movie_seq": 16,
   "review_seq": 44,
   "star_score": 10,
   "document": "개봉 첫날 첫 상영을 본 보람이 있는 영화에요보는내내 마법같은 영화에 푹 빠질 수 있었어요한번보기에 아쉬운 영화라서 음향이 좋은 상영관에서 한번 더 봐야겠어요",
   "label": 1
 },
 {
   "movie_seq": 16,
   "review_seq": 45,
   "star_score": 9,
   "document": "멋부리지 않고 순수한 마음 그대로를 잘 표현한 영화였다 집착이 아닌 각자의 성공을 진심으로 빌어주는 그마음이 참 보기 좋았다섹스신이 없는것도 좋았고",
   "label": 1
 },
 {
   "movie_seq": 16,
   "review_seq": 46,
   "star_score": 1,
   "document": "꿈에 대한 영화인지 사랑에 대한건지 애매모호함 마지막에 남자의 상상신은 진짜 너무 남자를 비참하게 만들었음",
   "label": 0
 },
 {
   "movie_seq": 16,
   "review_seq": 47,
   "star_score": 9,
   "document": "시각 청각적으로 정말 즐거워요 그냥 구두 소리도 매우 좋아요 마지막 필름 부분 개쩜",
   "label": 1
 },
 {
   "movie_seq": 16,
   "review_seq": 48,
   "star_score": 1,
   "document": "아 솔직히 저는 너무 지루하고 재미없었어요ㅜㅜ어떤부분이 맘에 안들었다 딱꼬집어 못말하겠는데 걍 이런장르를 싫어 하시는분은 안보시는것도ㅎ",
   "label": 0
 },
 {
   "movie_seq": 16,
   "review_seq": 49,
   "star_score": 8,
   "document": "마지막 라이언 고슬링의 표정은 잊을 수 없다지금 내 곁에 있는 여자를 지캬내야겠다는굳은 의지로 쉽게 극장을 벗어날 수 없었던 영화",
   "label": 1
 },
 {
   "movie_seq": 16,
   "review_seq": 50,
   "star_score": 1,
   "document": "진짜 호불호 갈리는듯ㅠ 보가 중간에 나옴",
   "label": 0
 }
]