[
 {
   "movie_seq": 17,
   "review_seq": 0,
   "star_score": 10,
   "document": "처음부터 끝까지 영상미와 라야의 액션과 스토리에 압도되고 몰입된 영화ㅠㅠㅠ",
   "label": 1
 },
 {
   "movie_seq": 17,
   "review_seq": 1,
   "star_score": 10,
   "document": "개인적으로 디즈니 애니메이션 중에 최고인거 같아요ㅠㅠㅠ 뻔한 스토리 같지만 영화 속에 녹아 있는 장면 하나하나가 재밌고 메세지도 너무 좋았어요",
   "label": 1
 },
 {
   "movie_seq": 17,
   "review_seq": 2,
   "star_score": 10,
   "document": "서로의 믿음이 젤 중요한거 같아요 진짜 디즈니 작품들은 메세지가 최고인거 같습니다",
   "label": 1
 },
 {
   "movie_seq": 17,
   "review_seq": 3,
   "star_score": 10,
   "document": "와 몰입감 최고입니다 개인적으로 겨울왕국이랑 소울보다 훨씬 더 재밌었던 영화입니다",
   "label": 1
 },
 {
   "movie_seq": 17,
   "review_seq": 4,
   "star_score": 10,
   "document": "점 만점에 점짜리 영화임ㅋㅋㅋ 기대보다 더 재밌게 본 영화",
   "label": 1
 },
 {
   "movie_seq": 17,
   "review_seq": 5,
   "star_score": 10,
   "document": "스토리가 뛰어나서 눈에 띈 것은 아니지만 사람 간의 잃어버린 믿음에 대해서 상기시켜 주는 경험은 충분했다 무엇보다 캐릭터들이 참 매력적임 그리고 액션 애니메이션이지만 눈이 즐겁다 그리고 묘한 빛의 명암과 먼지",
   "label": 1
 },
 {
   "movie_seq": 17,
   "review_seq": 6,
   "star_score": 10,
   "document": "세 아이들이 즐기기엔 러닝타임이 좀 길어서 살짝 지루했지만 스토리도 좋고 지루할 타이밍에 격투씬등이 적절히 들어있어요 마지막으로 갈 수록 흥미진진해서 아이들이 너무 빨리 끝난다고 아쉬워하더라고요 어른의 시",
   "label": 1
 },
 {
   "movie_seq": 17,
   "review_seq": 7,
   "star_score": 10,
   "document": "저도 울고 살 딸내미 울었네요 ㅎㅎ별 기대 않하고 년여만에 간 극장이였어요 재미 있고 감동적인 스토리 잘 보고 왔어요",
   "label": 1
 },
 {
   "movie_seq": 17,
   "review_seq": 8,
   "star_score": 10,
   "document": "기대안했는데 매우 재밌음 예고편을 좀 만 더 잘만들었으면 좋았을껄",
   "label": 1
 },
 {
   "movie_seq": 17,
   "review_seq": 9,
   "star_score": 10,
   "document": "감동적이에요 코로나때문에 정말 오랜만에 아이와 함께 선택하여봤는데 성공하였네요 스토리 영상 감동까지",
   "label": 1
 },
 {
   "movie_seq": 17,
   "review_seq": 10,
   "star_score": 10,
   "document": "이거 보고 울었다 하시는 분들 많은데 저도 눈물 많은데 눈물이 나오진 않았고 재밌게 잘 봤어용ㅎ",
   "label": 1
 },
 {
   "movie_seq": 17,
   "review_seq": 11,
   "star_score": 10,
   "document": "디즈니는 이제 공주물에서 히어로물로 가는 느낌입니다 겨울왕국이 반반정도라면 모아나에서 그리고 이번 라야에서 완전히 여성으로서가 아닌 한 사람의 주체적인 존재로서 일종의 디즈니만의 히어로 장르를 만들어가는 것 같습니다",
   "label": 1
 },
 {
   "movie_seq": 17,
   "review_seq": 12,
   "star_score": 10,
   "document": "너무 재밋어요 저 번ㅤㅂㅘㅅ어요",
   "label": 1
 },
 {
   "movie_seq": 17,
   "review_seq": 13,
   "star_score": 8,
   "document": "어린이가 보기에 나쁘지 않았는데 같이 본 어른 입장에선 겨울왕국 이나 라푼젤 만큼 집중해서 흥미롭게 보지는 못 했던 것 같음 아버지랑 시수는 답답하기 까지 함 세세는 재미있었다고 함",
   "label": 1
 },
 {
   "movie_seq": 17,
   "review_seq": 14,
   "star_score": 10,
   "document": "존잼 울 뻔 했음",
   "label": 1
 },
 {
   "movie_seq": 17,
   "review_seq": 15,
   "star_score": 9,
   "document": "아이와 관람해서 끝까지 보지못했지만 저희아긴 어려서 아직 내용이해하기 어렵고 저는 너무 재밌게 봤어요  아이 첫영화관에 첫 영화네요 나머지부분도 볼겸 집에서 다시 봐야겠어요 재밌어요",
   "label": 1
 },
 {
   "movie_seq": 17,
   "review_seq": 16,
   "star_score": 10,
   "document": "코로나 때문에 인간과 인간 사이의 불신이 극적으로 치솟은 요즘 많은 걸 느끼게 해주는 영화예요스토리가 예상되지만 전혀 뻔하지 않고 정말 재밌었어요 감동도 크구요 남친이랑 대박대박하면서 봤네요ㅎㅎ나중에 또 보고",
   "label": 1
 },
 {
   "movie_seq": 17,
   "review_seq": 17,
   "star_score": 10,
   "document": "감동의 눈물ㅠㅠㅠ 많은 사람들이 봤으면 좋겠다ㅠㅠㅠ",
   "label": 1
 },
 {
   "movie_seq": 17,
   "review_seq": 18,
   "star_score": 9,
   "document": "서로를 믿어야 한다 믿음의 힘의 그리고 화합을 이룰 때 시너지 효과에 대해 시사하는 바가 있는 스토리특히 동양적인 음악과 영상미는 신선하고힐링이 되었다",
   "label": 1
 },
 {
   "movie_seq": 17,
   "review_seq": 19,
   "star_score": 10,
   "document": "감동적인 스토리가 마음에 깊이 와닿아서 눈물이 계속 나왔어요",
   "label": 1
 },
 {
   "movie_seq": 17,
   "review_seq": 20,
   "star_score": 10,
   "document": "감동 그자체 안보면 후회 드래곤이 이렇게 귀엽고 사랑스러울줄 몰랐다",
   "label": 1
 },
 {
   "movie_seq": 17,
   "review_seq": 21,
   "star_score": 10,
   "document": "영상미 감동 다 완벽함 최근 본 영화중에 최고입니다강추디즈니 사랑해",
   "label": 1
 },
 {
   "movie_seq": 17,
   "review_seq": 22,
   "star_score": 10,
   "document": "최고 드래곤 너무 기여워",
   "label": 1
 },
 {
   "movie_seq": 17,
   "review_seq": 23,
   "star_score": 10,
   "document": "영화가 그냥 다이뻐요 장면 하나하나 엄청 공들인 티가나요 특히 물에 젖는 표현이 예술ㅠ",
   "label": 1
 },
 {
   "movie_seq": 17,
   "review_seq": 24,
   "star_score": 10,
   "document": "너무 사랑스러운 영화다 ㅠㅠ 다들 꼭 봤으면 좋겠습니다",
   "label": 1
 },
 {
   "movie_seq": 17,
   "review_seq": 25,
   "star_score": 10,
   "document": "진짜 최고였다 내려가기 전에 봐서 다행이었음",
   "label": 1
 },
 {
   "movie_seq": 17,
   "review_seq": 26,
   "star_score": 10,
   "document": "초딩 아들 둘이 재미 있게 봤다네요 앤딩에서는 눈물도 흘렸데요 ㅋ 재미와 감동이 있는 영화에요",
   "label": 1
 },
 {
   "movie_seq": 17,
   "review_seq": 27,
   "star_score": 10,
   "document": "노래나 영화에서만이 아니라 실제 사는 세상에도 그런 날이 왔으면",
   "label": 1
 },
 {
   "movie_seq": 17,
   "review_seq": 28,
   "star_score": 10,
   "document": "어느 국가 배경인가를 떠나서 기존의 디즈니 애니메이션과 달리 믿음이란 테마를 핵심으로 창작한 것은 좋은 부분이라 생각합니다 아이 보여주러 같이 갔다가 제가 더 많이 울고왔네요",
   "label": 1
 },
 {
   "movie_seq": 17,
   "review_seq": 29,
   "star_score": 10,
   "document": "간만에 디즈니 애ㅣ메이션 본 기분입니다 영화 시작전 미니 애니메이션도 재밋엇구요 제 개인적 기준에는 몇달전 나온 소울보다 재밋엇어요",
   "label": 1
 },
 {
   "movie_seq": 17,
   "review_seq": 30,
   "star_score": 10,
   "document": "내가 감수성이 많은건지 뭉클하고 영화 보는 내내 울뻔했어용 ㅠㅠ 넘 재미있고 감동적인 것",
   "label": 1
 },
 {
   "movie_seq": 17,
   "review_seq": 31,
   "star_score": 10,
   "document": "크게기대안했는데재밌습니다엔딩노래가정말좋네요",
   "label": 1
 },
 {
   "movie_seq": 17,
   "review_seq": 32,
   "star_score": 10,
   "document": "아이들이 너무 좋아했어요",
   "label": 1
 },
 {
   "movie_seq": 17,
   "review_seq": 33,
   "star_score": 10,
   "document": "처음부터 끝까지 감동적이고 눈물을 많이 흘림 서로를 믿고 사랑하자  라는 교훈을 배움",
   "label": 1
 },
 {
   "movie_seq": 17,
   "review_seq": 34,
   "star_score": 10,
   "document": "살 여아인데 극장에서 보고는 또 보고 싶다고 하네요 생각이외로 어른들이 봐도 좋은 영화인듯 싶네요",
   "label": 1
 },
 {
   "movie_seq": 17,
   "review_seq": 35,
   "star_score": 10,
   "document": "마지막에 울었어요ㅜ 기대했던것만큼 재미있었던 영화입니다 더빙으로 봤는데 자막으로도 보고싶네요",
   "label": 1
 },
 {
   "movie_seq": 17,
   "review_seq": 36,
   "star_score": 10,
   "document": "디즈니는 언제나 실망을 시키지 않았지만 이번 영화는 스토리와 음악이 모두 감동 그자체였다 딸이랑 함께 영화를 보길 잘했다는 생각이 든다삶에 대한 새로운 희망을 갖게 된거 같다",
   "label": 1
 },
 {
   "movie_seq": 17,
   "review_seq": 37,
   "star_score": 8,
   "document": "가볍게 보기좋고 귀여운 친구들이 많이 나와서 좋아요 ㅎ",
   "label": 1
 },
 {
   "movie_seq": 17,
   "review_seq": 38,
   "star_score": 10,
   "document": "정말 너무 감동적이고 슬퍼요ㅠㅠㅠ 감동 이빠이",
   "label": 1
 },
 {
   "movie_seq": 17,
   "review_seq": 39,
   "star_score": 8,
   "document": "분위기가 대체로 어두워서살은 무섭대고살은 재미있다고하네요스토리위주의 영화고 기본은 합니다",
   "label": 1
 },
 {
   "movie_seq": 17,
   "review_seq": 40,
   "star_score": 10,
   "document": "서로간의 믿음과 신뢰에 대해서 알려주는 영화였던 것 같다 처음부터 끝까지 정말 감동적이었다 이 영화를 보고 사람과 사람 서로간에서의 믿음과 신뢰라는 것은 참 중요한 것이라고 느꼈다",
   "label": 1
 },
 {
   "movie_seq": 17,
   "review_seq": 41,
   "star_score": 9,
   "document": "믿음과 관련한 주제를 재미있는 스토리에 녹여 잼있었어요더빙판은 성우들의 연기가 넘 좋았어요",
   "label": 1
 },
 {
   "movie_seq": 17,
   "review_seq": 42,
   "star_score": 10,
   "document": "스토리가 짜임새 있고 눈물날정도로 감동",
   "label": 1
 },
 {
   "movie_seq": 17,
   "review_seq": 43,
   "star_score": 10,
   "document": "한 편의 멋진 동화책을 읽은 느낌입니다 영상미와 스토리 다 훌륭했습니다",
   "label": 1
 },
 {
   "movie_seq": 17,
   "review_seq": 44,
   "star_score": 10,
   "document": "전개도 좋고 캐릭터도 귀엽고 인생에 귀감이 되는 믿음과 관계의 이야기",
   "label": 1
 },
 {
   "movie_seq": 17,
   "review_seq": 45,
   "star_score": 10,
   "document": "아이와 너무 재밌게 봤습니다 캐릭터 스토리 넘 좋았구요 저희딸도 또 보고싶다고 하네요감동도 있어서 눈물도 나고 하네요 해피엔딩 넘 좋았습니다",
   "label": 1
 },
 {
   "movie_seq": 17,
   "review_seq": 46,
   "star_score": 10,
   "document": "이거 진짜 세 아이들 도 끝까지 집중해서 볼정도로 몰입력이 엄청 나네요스토리도 탄탄하고 영상도 너무 좋아요  극장이 텅텅비어 우리끼리전세내고 ㅤㅂㅘㅅ네요 어서코로나가 끝나서 일상으로 돌아가면 좋겠어요 ㅠㅠ 엔딩도",
   "label": 1
 },
 {
   "movie_seq": 17,
   "review_seq": 47,
   "star_score": 10,
   "document": "드래곤을 신비롭고 친근하게 표현해서 딸이 즐겁게 보았어요 어른도 지루하거나 많이 유치하지않았습니다둘만의 데이트였는데 좋은시간이였네용",
   "label": 1
 },
 {
   "movie_seq": 17,
   "review_seq": 48,
   "star_score": 10,
   "document": "요즘들어 사람도 나 스스로도 믿기 힘들어졌는데 마음에 단비가 내리네요",
   "label": 1
 },
 {
   "movie_seq": 17,
   "review_seq": 49,
   "star_score": 6,
   "document": "나쁘지 않음 세 미만 오린이들한테는",
   "label": 0
 },
 {
   "movie_seq": 17,
   "review_seq": 50,
   "star_score": 8,
   "document": "초반에는 조금 지루했다가 계속보니 재미도있고 좋네요",
   "label": 1
 }
]