[
 {
   "movie_seq": 23,
   "review_seq": 0,
   "star_score": 10,
   "document": "에바그린은 정말 진리 ㅠ 능력들또한 각기 매력적이었다 동화적인 요소들도 기대이상",
   "label": 1
 },
 {
   "movie_seq": 23,
   "review_seq": 1,
   "star_score": 10,
   "document": "놀라운 상상력에 무릅을 탁 칩니다오랜만에 가족하고 볼만한 영화네요",
   "label": 1
 },
 {
   "movie_seq": 23,
   "review_seq": 2,
   "star_score": 10,
   "document": "믿고 보는 배우에 믿고보는 감독 팀버튼표 판타지가 너무 아릅답고 즐거웠다 보는내내 역대급 연발",
   "label": 1
 },
 {
   "movie_seq": 23,
   "review_seq": 3,
   "star_score": 10,
   "document": "신선하고 재밌고 비주얼도 이쁘고 올해 본 영화 중에 제일 재밌었다",
   "label": 1
 },
 {
   "movie_seq": 23,
   "review_seq": 4,
   "star_score": 10,
   "document": "원작 팬이라 영화도 봤는데 더 좋아요ㅠㅠㅠ 배우들 매력도 폭발 ㅋㅋㅋ기대 이상이에요",
   "label": 1
 },
 {
   "movie_seq": 23,
   "review_seq": 5,
   "star_score": 6,
   "document": "아이들 영화라기엔 잔혹하고 어른들영화라기엔 유치하고",
   "label": 0
 },
 {
   "movie_seq": 23,
   "review_seq": 6,
   "star_score": 6,
   "document": "뭔가 재밌기도 하고 재미 없기도 하고 기대 해 왔던 영화였고 본 걸 후회하진 않지만 또 보고 싶다거나 하는 생각이 들진 않는다",
   "label": 0
 },
 {
   "movie_seq": 23,
   "review_seq": 7,
   "star_score": 10,
   "document": "원작소설 보고 갔는데 진짜 기대 이상 재밌었습니다 원작이 워낙 독특한데 이걸 영화화 하다니 역시 믿고보는 팀버튼ㅋㅋㅋㅋ",
   "label": 1
 },
 {
   "movie_seq": 23,
   "review_seq": 8,
   "star_score": 10,
   "document": "어떻게 이런 상상을 하는지 그냥 강추 ㅋㅋㅋ 팀버튼 감독 사랑해요 캐릭터부터 영상까지 고퀄 ",
   "label": 1
 },
 {
   "movie_seq": 23,
   "review_seq": 9,
   "star_score": 10,
   "document": "아침부터 본 보람이 있네요 간만에 팀버튼 영화다운 영화였습니다 오오",
   "label": 1
 },
 {
   "movie_seq": 23,
   "review_seq": 10,
   "star_score": 8,
   "document": "쌍둥이는 뭐하나햇는데 사기캐ㅋ",
   "label": 1
 },
 {
   "movie_seq": 23,
   "review_seq": 11,
   "star_score": 6,
   "document": "기대하고 갔는데 생각보다 재미없었습니다 유치하고 조금 지루하기도하고",
   "label": 0
 },
 {
   "movie_seq": 23,
   "review_seq": 12,
   "star_score": 6,
   "document": "기대했던것 만큼 판타지 스럽지 않아서 좀 실망스러웠어요 이야기 전개가 뭔가 좀 어수선하고 무척 유치했지만 에바그린의 연기는 좋았습니다",
   "label": 0
 },
 {
   "movie_seq": 23,
   "review_seq": 13,
   "star_score": 6,
   "document": "영상미도 괜찮았고 동화적인 부분도 잘 표현했지만 제이크와 그 가족들의 연기가 조금 아쉬워요 초반부분이 좀 지루하고 클라이막스에서는 나름 재밌고 심장이 쫄깃해지긴 하나 책을 읽지 않으면 완벽하게 이해할 수 없는",
   "label": 0
 },
 {
   "movie_seq": 23,
   "review_seq": 14,
   "star_score": 10,
   "document": "역시 갓버튼이시여 보고나서 자꾸만 생각남 이 영화는 극장에서 꼭 봐야함",
   "label": 1
 },
 {
   "movie_seq": 23,
   "review_seq": 15,
   "star_score": 10,
   "document": "원작 책도 재밌게 봤는데 스크린으로 보니 더 좋네요 역시 믿고보는 팀 버튼",
   "label": 1
 },
 {
   "movie_seq": 23,
   "review_seq": 16,
   "star_score": 10,
   "document": "기대 이상 보는 내내 설레고 동심으로 돌아간 기분이었습니다 스케일도 커서 눈도 즐거웠습니다",
   "label": 1
 },
 {
   "movie_seq": 23,
   "review_seq": 17,
   "star_score": 6,
   "document": "팀 버튼 요즘 왜 이러나요ㅜㅜ설정은 좋았는데 전개가 너무 허술한기대 많이 했는데 아쉽네요",
   "label": 0
 },
 {
   "movie_seq": 23,
   "review_seq": 18,
   "star_score": 5,
   "document": "팀버튼 감독의 작품이고 예고편을 이미 본 상태라 많이 기대했어요 사실 기대한만큼 재미있지는 않았고 뒤로 갈수록 내용구성이 너무 아쉬웠어요",
   "label": 0
 },
 {
   "movie_seq": 23,
   "review_seq": 19,
   "star_score": 10,
   "document": "기대한만큼 재밌당 이런 판타지 넘나 좋아용",
   "label": 1
 },
 {
   "movie_seq": 23,
   "review_seq": 20,
   "star_score": 7,
   "document": "좀 뻔하고 애들이 좋아할만한 잔인함을 줄이면 세세 정도는 볼 듯",
   "label": 1
 },
 {
   "movie_seq": 23,
   "review_seq": 21,
   "star_score": 8,
   "document": "생각보다 지루한 감이 있어서 조금 아쉬웠지만 아이디어는 너무 좋았어요 역시 팀버튼 감독입니다",
   "label": 1
 },
 {
   "movie_seq": 23,
   "review_seq": 22,
   "star_score": 1,
   "document": "주인공남자 극암중극암 누가누구를지키는건지 망토뒤집어쓴 쌍둥이가제일ㅤㅆㅔㅁ",
   "label": 0
 },
 {
   "movie_seq": 23,
   "review_seq": 23,
   "star_score": 8,
   "document": "재밌어요ㅋㅋ유치하긴한데 애들이 보기엔 살짝 겁먹을거같아용",
   "label": 1
 },
 {
   "movie_seq": 23,
   "review_seq": 24,
   "star_score": 10,
   "document": "팀버튼스러운 영화였고 너무 재밌었어요 ㅋ",
   "label": 1
 },
 {
   "movie_seq": 23,
   "review_seq": 25,
   "star_score": 9,
   "document": "눈 빼고 다 만족 재미있엇어요",
   "label": 1
 },
 {
   "movie_seq": 23,
   "review_seq": 26,
   "star_score": 10,
   "document": "진짜 넘나 재밌음 ㅠㅠ 최근 팀버튼 영화중 가장 재미있게본듯 근데 진짜 상영관수가 너무 적어서 영화관 찾기가 힘들었어용 ㅠㅠ",
   "label": 1
 },
 {
   "movie_seq": 23,
   "review_seq": 27,
   "star_score": 1,
   "document": "예고편이 다인 영화 팀 버튼의 상상력은 인정하지만 그래도 납득이 가지 않는 영화찰리와 초콜릿 공장 번 보는 게 나을듯 전개가 막장이다",
   "label": 0
 },
 {
   "movie_seq": 23,
   "review_seq": 28,
   "star_score": 4,
   "document": "지루왜이렇게평점이좋은지",
   "label": 0
 },
 {
   "movie_seq": 23,
   "review_seq": 29,
   "star_score": 9,
   "document": "솔직히 남주보다 심장으로 무생물 조종하던 애가 더 흥미로움ㅋㅋ 물론 이 영화에서 제일 매력적이고 돋보인 건 단연 미스 페레그린ㅠㅠ 미스 페레그린 중점으로 풀어냈으면 스케일도 크고 훨씬 좋았을 거 같은데 팀버튼의 소년",
   "label": 1
 },
 {
   "movie_seq": 23,
   "review_seq": 30,
   "star_score": 1,
   "document": "정말 재미없엇습니다 왜 일위인지 모르겟더라구오 비추해요 재미없어요 ㅠㅠㅠ돈아까ㅤㅇㅝㅅㅤㄴㅓㅌㅎ 정ㅁ말",
   "label": 0
 },
 {
   "movie_seq": 23,
   "review_seq": 31,
   "star_score": 8,
   "document": "재밌네요 역시 팀 버튼이네요 ㅎ",
   "label": 1
 },
 {
   "movie_seq": 23,
   "review_seq": 32,
   "star_score": 10,
   "document": "올해제일 재밌던 영화",
   "label": 1
 },
 {
   "movie_seq": 23,
   "review_seq": 33,
   "star_score": 10,
   "document": "역시 팀버튼 감독그리고 에바 그린",
   "label": 1
 },
 {
   "movie_seq": 23,
   "review_seq": 34,
   "star_score": 10,
   "document": "완전 재밌음 진짜 최고의 영화",
   "label": 1
 },
 {
   "movie_seq": 23,
   "review_seq": 35,
   "star_score": 7,
   "document": "생각보다 무서운 영화였음",
   "label": 1
 },
 {
   "movie_seq": 23,
   "review_seq": 36,
   "star_score": 1,
   "document": "한시간보다가재미없어서나옴",
   "label": 0
 },
 {
   "movie_seq": 23,
   "review_seq": 37,
   "star_score": 1,
   "document": "에바그린의 미모 외에는 건질것 없던 영화감독님 은퇴할때가 된듯",
   "label": 0
 },
 {
   "movie_seq": 23,
   "review_seq": 38,
   "star_score": 10,
   "document": "내스타일의영화ㅎㅎㅎ",
   "label": 1
 },
 {
   "movie_seq": 23,
   "review_seq": 39,
   "star_score": 10,
   "document": "내용 영상미 탄탄했어요",
   "label": 1
 },
 {
   "movie_seq": 23,
   "review_seq": 40,
   "star_score": 9,
   "document": "재밌게 봤어요 다만 조금 징그러운 장면들이",
   "label": 1
 },
 {
   "movie_seq": 23,
   "review_seq": 41,
   "star_score": 7,
   "document": "재미는 있는데 뭔가 허무하고 급전개된느낌이랄까나ㅋ",
   "label": 1
 },
 {
   "movie_seq": 23,
   "review_seq": 42,
   "star_score": 8,
   "document": "완벽하지 않은 캐릭터들의 교향곡 귀여움",
   "label": 1
 },
 {
   "movie_seq": 23,
   "review_seq": 43,
   "star_score": 9,
   "document": "아이도 어른도 두 시간 넘었는지 모르게 지루하지 않았어요",
   "label": 1
 },
 {
   "movie_seq": 23,
   "review_seq": 44,
   "star_score": 1,
   "document": "생각보다 스토리가 별로네요",
   "label": 0
 },
 {
   "movie_seq": 23,
   "review_seq": 45,
   "star_score": 1,
   "document": "재미없어 평점ㅤㅇㅙㄹ케높음",
   "label": 0
 },
 {
   "movie_seq": 23,
   "review_seq": 46,
   "star_score": 6,
   "document": "유치하고 재미없습니다",
   "label": 0
 },
 {
   "movie_seq": 23,
   "review_seq": 47,
   "star_score": 6,
   "document": "중간에 좀 처지는 것 같아서 지루했어요",
   "label": 0
 },
 {
   "movie_seq": 23,
   "review_seq": 48,
   "star_score": 8,
   "document": "재미잇는데 뭔가 허무한 ㅋㅋㅋㅋ근데 재밋음",
   "label": 1
 },
 {
   "movie_seq": 23,
   "review_seq": 49,
   "star_score": 9,
   "document": "에바그린은 이뻣고 스토리는 흥미진진했어요",
   "label": 1
 },
 {
   "movie_seq": 23,
   "review_seq": 50,
   "star_score": 10,
   "document": "역시 팀버튼 그러나 결말이 좀 아쉬움",
   "label": 1
 }
]