[
 {
   "movie_seq": 22,
   "review_seq": 0,
   "star_score": 8,
   "document": "여자주인공 넘나 사랑스러워요ㅠ",
   "label": 1
 },
 {
   "movie_seq": 22,
   "review_seq": 1,
   "star_score": 10,
   "document": "최고아침일찍일어난 보람이있었어요 한 번 더 볼 예정입니다",
   "label": 1
 },
 {
   "movie_seq": 22,
   "review_seq": 2,
   "star_score": 9,
   "document": "아름다운 영화예요",
   "label": 1
 },
 {
   "movie_seq": 22,
   "review_seq": 3,
   "star_score": 10,
   "document": "울었어요그마음이 이해가가서 더슬프네요",
   "label": 1
 },
 {
   "movie_seq": 22,
   "review_seq": 4,
   "star_score": 7,
   "document": "소설은 안봤지만 원작이 소설인 영화의 대부분의 한계가 느껴졌어요 너무 급속도로 변하는 감정과 사건 처리가 감동을 느낄 새가 없이 만들었습니다",
   "label": 1
 },
 {
   "movie_seq": 22,
   "review_seq": 5,
   "star_score": 7,
   "document": "남자는 여자에게 잠재력이 있다며 살아가는 법을 가르쳐 주려고 하지만 정작 자신의 삶은 포기해버린다 그의 충고가 난 모순적인 것 같다 그래도 보는 동안은 푹 빠져서 봤다",
   "label": 1
 },
 {
   "movie_seq": 22,
   "review_seq": 6,
   "star_score": 9,
   "document": "어떻게살아야하는지 한번더 생각하게되는 영화재밌게 잘봤습니다",
   "label": 1
 },
 {
   "movie_seq": 22,
   "review_seq": 7,
   "star_score": 5,
   "document": "책 읽은 뒤 영화보시면 많이 아쉬운 감정이 남네요 표현이 안ㅤㄷㅙㄴ부분이 너무많아 책 안읽으신 분들은 극의 개연성이 많이 떨어진다고 생각하실것 같아요",
   "label": 0
 },
 {
   "movie_seq": 22,
   "review_seq": 8,
   "star_score": 10,
   "document": "너무나 사랑스러운 그들 사랑하는 사람의 아픈 선택 그리고 존중슬프지만 아름다운 이야기",
   "label": 1
 },
 {
   "movie_seq": 22,
   "review_seq": 9,
   "star_score": 9,
   "document": "대담하게 살아요 끝까지 밀어붙여요 안주하지 말아요",
   "label": 1
 },
 {
   "movie_seq": 22,
   "review_seq": 10,
   "star_score": 10,
   "document": "말이 필요 없이 그냥 너무 사랑스럽다",
   "label": 1
 },
 {
   "movie_seq": 22,
   "review_seq": 11,
   "star_score": 10,
   "document": "상투적이지 않은 사랑과 삶에 대한 영화적절한 가 잘 버무려진 영화",
   "label": 1
 },
 {
   "movie_seq": 22,
   "review_seq": 12,
   "star_score": 9,
   "document": "어떤사람에게는 건강한 하루가 평생의 소원이라는 걸 다시한번 깨닫게되는 영화였습니다 정체기에있었는데 더 뭔가 할수 있을 때 해야겠다는 생각을 하게하네요",
   "label": 1
 },
 {
   "movie_seq": 22,
   "review_seq": 13,
   "star_score": 10,
   "document": "한번 더 보고싶다는 생각이 처음으로 드는 영화",
   "label": 1
 },
 {
   "movie_seq": 22,
   "review_seq": 14,
   "star_score": 10,
   "document": "주인공들이 사랑스럽네요",
   "label": 1
 },
 {
   "movie_seq": 22,
   "review_seq": 15,
   "star_score": 6,
   "document": "유산을 남겼다는 이상한 해피엔딩",
   "label": 0
 },
 {
   "movie_seq": 22,
   "review_seq": 16,
   "star_score": 5,
   "document": "전형적인 로맨스물 까고보니 정말 별거없는 내용이었으며 영화가 끝난뒤 남는 감상은 여주가 귀엽고 남주는 잘생겼다는것뿐 안락사에 대해 깊이 파고들어 인간의 존엄성에 대해 이야기를 제대로 하기전에 급마무리짓는 로맨스물",
   "label": 0
 },
 {
   "movie_seq": 22,
   "review_seq": 17,
   "star_score": 8,
   "document": "여자친구랑 보고 이야기햇는데 여자가 패트릭을 떠날수밖에없던 이유를 말해주더군요 ㅋ 가령 뛰기싫어하는데 뛰기 시켰다던지 생일에도 키로인가 뛰고 오고 여자가 좋아하는건지도 모르고 무턱대고 목걸이만 주면 좋아할줄알고",
   "label": 1
 },
 {
   "movie_seq": 22,
   "review_seq": 18,
   "star_score": 5,
   "document": "소설에 비해 볼거리는 충분했으나 여주인공의 지나친 안면근육연기로 인해 감정이입이 잘 안되었다 역시 책이 낫다",
   "label": 0
 },
 {
   "movie_seq": 22,
   "review_seq": 19,
   "star_score": 9,
   "document": "남자 주인공의 선택이 이해가되면서도 너무 슬펐던",
   "label": 1
 },
 {
   "movie_seq": 22,
   "review_seq": 20,
   "star_score": 9,
   "document": "내가 아침에 눈뜨고 싶은 유일한 이유가 당신이예요 할때 울컥",
   "label": 1
 },
 {
   "movie_seq": 22,
   "review_seq": 21,
   "star_score": 9,
   "document": "슬프지만 슬프지 않는 영화나는 원작을 봤지만 원작을 모르고 보는 행운을 누리시길",
   "label": 1
 },
 {
   "movie_seq": 22,
   "review_seq": 22,
   "star_score": 3,
   "document": "원작 최고 원작 최고 원작 최고 원작 최고",
   "label": 0
 },
 {
   "movie_seq": 22,
   "review_seq": 23,
   "star_score": 5,
   "document": "책 먼저 읽으세요 영화를 처음 보신 분들은 내용전개가 좀 빠른 감이 있어 어리둥절하실 수도 있어요 또 아쉬운 부분은 약간은 부담스러운 루이자의 눈썹연기ㅎㅎ정도 그래도 감동적인 영화였고 존엄사에",
   "label": 0
 },
 {
   "movie_seq": 22,
   "review_seq": 24,
   "star_score": 5,
   "document": "미비포어유 솔직히 기대를 너무 해서 그런지 소설보단 별루였어뇨 ㅠㅠ",
   "label": 0
 },
 {
   "movie_seq": 22,
   "review_seq": 25,
   "star_score": 10,
   "document": "년 사귄 남자친구가 제일 불쌍함 ㅠㅠ",
   "label": 1
 },
 {
   "movie_seq": 22,
   "review_seq": 26,
   "star_score": 6,
   "document": "영화에서는 적어도 희망적으로 가길바랐으나 현실적으로 가려했으면 돈도 쥐어주지 말았어야 했다 존엄사의 문제보단 인생과 또 그 의미는 역시 상대적이라는 걸 다시 한 번 깨달았던 영화 끊기는 감정때문에 남자의 미소만",
   "label": 0
 },
 {
   "movie_seq": 22,
   "review_seq": 27,
   "star_score": 9,
   "document": "남자주인공 넘나 잘생김ㅠㅠ",
   "label": 1
 },
 {
   "movie_seq": 22,
   "review_seq": 28,
   "star_score": 1,
   "document": "여자분이 명품가게에서 나오는 결말은 정말 영화에대한 일말의 예의도 버리게했습니다 몸이 불구가 되면 살아갈 소망까지 불구가 되는건지요 돈 외모 건강  내가 누리는것을 잃으면 그냥 죽으면 됩니까 가치없는 가벼운",
   "label": 0
 },
 {
   "movie_seq": 22,
   "review_seq": 29,
   "star_score": 10,
   "document": "진짜 간만에 좋은영화 감상했어요 꼭보세요 ㅠ",
   "label": 1
 },
 {
   "movie_seq": 22,
   "review_seq": 30,
   "star_score": 7,
   "document": "개월만나고 여자주인공을 위해 죽지 않을거라 생각했는데  오히려 그랬으면 진부한 사랑이야기가 됐을듯도 싶고 생각을 하게 만드는 영화",
   "label": 1
 },
 {
   "movie_seq": 22,
   "review_seq": 31,
   "star_score": 10,
   "document": "안주하지 말아요 라는 말이 기억에 남네요 상대방의 삶을 변화시키는 힘 사랑 멋진 영화예요",
   "label": 1
 },
 {
   "movie_seq": 22,
   "review_seq": 32,
   "star_score": 8,
   "document": "자연과 더불어 숨쉬며 살아있음에 감사함을 느껴요",
   "label": 1
 },
 {
   "movie_seq": 22,
   "review_seq": 33,
   "star_score": 9,
   "document": "책에 비해 영화의 연결성은 부족했지만 삶에 대해 다시 생각하고 오늘을 더 사랑하고 최선을 다해 살고 싶게 만든 영화입니다 좀 더 세밀한 감정들을 이해하기 위해서는 책보고 보세요",
   "label": 1
 },
 {
   "movie_seq": 22,
   "review_seq": 34,
   "star_score": 9,
   "document": "여주가 남친을 놔두고 갑자기 그렇게 좋아한다는 진행이 조금 다소 부자연스러운면이 있지만 재밌네요",
   "label": 1
 },
 {
   "movie_seq": 22,
   "review_seq": 35,
   "star_score": 1,
   "document": "마치 과제제출용 영화를 보는것같은 느낌 원작이 아깝다",
   "label": 0
 },
 {
   "movie_seq": 22,
   "review_seq": 36,
   "star_score": 10,
   "document": "그냥 최고 삶에 대해 죽음에 대해 다시 한번 생각해보게 되는 영화",
   "label": 1
 },
 {
   "movie_seq": 22,
   "review_seq": 37,
   "star_score": 10,
   "document": "존엄사 영화라고 기대하지않고 봤지만 감동 많이 받은 영화",
   "label": 1
 },
 {
   "movie_seq": 22,
   "review_seq": 38,
   "star_score": 10,
   "document": "단순히 남녀간의 사랑만이 아니라 삶에 대한 많은 것들을 생각하는 영화였습니다",
   "label": 1
 },
 {
   "movie_seq": 22,
   "review_seq": 39,
   "star_score": 3,
   "document": "감동적이지만 감격스럽지는 않았고 책의 내용을 실은것같지만 애매하고 하지만 좋은영화였습니디",
   "label": 0
 },
 {
   "movie_seq": 22,
   "review_seq": 40,
   "star_score": 10,
   "document": "그냥 아무 생각없이 보러가서혼자 웃고 울고완전 몰입해서 봤습니다 장면 하나하나가 너무 예뻤어요",
   "label": 1
 },
 {
   "movie_seq": 22,
   "review_seq": 41,
   "star_score": 3,
   "document": "스토리 전개를 이해할 수 없는 부분들이 너무 많았다",
   "label": 0
 },
 {
   "movie_seq": 22,
   "review_seq": 42,
   "star_score": 10,
   "document": "말이 필요없음 무조건보세요",
   "label": 1
 },
 {
   "movie_seq": 22,
   "review_seq": 43,
   "star_score": 1,
   "document": "어머난 최악특히 여자주인공의 작위적인연기 거슬리더라구요",
   "label": 0
 },
 {
   "movie_seq": 22,
   "review_seq": 44,
   "star_score": 9,
   "document": "보고나면 생각이 참 많아져요 사랑하는데 아무것도 해줄수 없는 그 마음 먹먹하네요",
   "label": 1
 },
 {
   "movie_seq": 22,
   "review_seq": 45,
   "star_score": 10,
   "document": "윌이 너무 불쌍하다 사고후 모든것을 잃고 루이자를 만나 조금은 행복했지만 그녀를 사랑할수없는것이 더 화나고 초라하게 느껴졌을것이다 그후 루이자는 윌의 도움으로 하고싶은것을 하지만 생각해보면 윌이 그냥 루이자에게 돈",
   "label": 1
 },
 {
   "movie_seq": 22,
   "review_seq": 46,
   "star_score": 10,
   "document": "이 영화는 죽고 살고가 팩트가 아닌 것 같다 중요한 것은 그들은 서로의 조건을 보지 않고 상대방 자체를 사랑했다는 것이다 진짜 윌을 사랑한 것은 루이자 뿐이었다마지막 키스신은 오롯이 그들의 숨소리만 채워져 더 ",
   "label": 1
 },
 {
   "movie_seq": 22,
   "review_seq": 47,
   "star_score": 9,
   "document": "여주랑 남자 둘다 너무 이쁜영ㅇ화",
   "label": 1
 },
 {
   "movie_seq": 22,
   "review_seq": 48,
   "star_score": 10,
   "document": "내 삶을다시 생각해보게 되는영화올해 최고의 영화였어요",
   "label": 1
 },
 {
   "movie_seq": 22,
   "review_seq": 49,
   "star_score": 8,
   "document": "배경이너무이쁨ㅋㅋㅋ",
   "label": 1
 },
 {
   "movie_seq": 22,
   "review_seq": 50,
   "star_score": 6,
   "document": "여주인공 눈썹연기때문에 집중이 어려웠다",
   "label": 0
 }
]