[
 {
   "movie_seq": 3,
   "review_seq": 0,
   "star_score": 10,
   "document": "신혜선연기 넘 좋았어요",
   "label": 1
 },
 {
   "movie_seq": 3,
   "review_seq": 1,
   "star_score": 10,
   "document": "신혜선 배우 큰 스크린으로 봐도 아우라 장난아니다 연기력 원래 쩌는건 알았는데 이번에 새삼 다시 보게됨 동생 역 배우도 처음 보는데 연기 너무 잘한다 연기구멍 도 없어서 그런지 몰입도도 좋고 오랜만에 극장에",
   "label": 1
 },
 {
   "movie_seq": 3,
   "review_seq": 2,
   "star_score": 10,
   "document": "신혜선 배종옥 연기 미쳤다 소름 돋네요 아쉬운 것들 조차 다 덮어버리네여",
   "label": 1
 },
 {
   "movie_seq": 3,
   "review_seq": 3,
   "star_score": 9,
   "document": "엄마와 딸의 사랑이 보기 좋았다 연기력이 뛰어나고 영상미도 좋았다",
   "label": 1
 },
 {
   "movie_seq": 3,
   "review_seq": 4,
   "star_score": 10,
   "document": "보기 전에 지루하다는 평이 있어서 좀 걱정했는데 최근 본 영화 중에 가장 꿀잼이었어용 익숙한 소재고 농촌 지역 사건이라 규모가 좀 작아서 그렇게 느끼는 것 같기도 근데 스토리 탄탄하고 크고 작은 반전들이 있어서",
   "label": 1
 },
 {
   "movie_seq": 3,
   "review_seq": 5,
   "star_score": 10,
   "document": "오늘 엄마랑 같이 봤는데 강추 스토리 탄탄 해서 지루할 틈이없음 ",
   "label": 1
 },
 {
   "movie_seq": 3,
   "review_seq": 6,
   "star_score": 10,
   "document": "코로나때문에 개월만에 본 영화라 더 재밌게봤어요연기력도 좋고 잘봤어요",
   "label": 1
 },
 {
   "movie_seq": 3,
   "review_seq": 7,
   "star_score": 8,
   "document": "신혜선이라는 배우 타이틀에 길이 남을 작품 인거 같아요 오랜만에 영화관 가서 잘 보고 왔습니다",
   "label": 1
 },
 {
   "movie_seq": 3,
   "review_seq": 8,
   "star_score": 10,
   "document": "간만에 넘 재밌게 본 영화 배우들 연기와 포스도 후덜덜하고 특히 신혜선 배우의 재발견 몰입도도 좋고 긴장감 있게 잘 봤음 ",
   "label": 1
 },
 {
   "movie_seq": 3,
   "review_seq": 9,
   "star_score": 10,
   "document": "신혜선 완전 영또 매운맛ㅠㅠㅠ 안정인한테 감정이입되는 결말까지 완벽",
   "label": 1
 },
 {
   "movie_seq": 3,
   "review_seq": 10,
   "star_score": 10,
   "document": "배우분들의 연기가 좋아서 몰입이 너무 됐습니다",
   "label": 1
 },
 {
   "movie_seq": 3,
   "review_seq": 11,
   "star_score": 10,
   "document": "신혜선 배우의 성장에 기쁨을 느낀 영화입니다 첫 주연이라 알고 있는데 앞으로도 흥하길 기원합니다",
   "label": 1
 },
 {
   "movie_seq": 3,
   "review_seq": 12,
   "star_score": 10,
   "document": "배우님들 연기 대박이에요 ㅠㅠ 스토리도 탄탄해서 몰입감 대박이었음 기다려서 본 보람이 있었다능ㅋㅋ",
   "label": 1
 },
 {
   "movie_seq": 3,
   "review_seq": 13,
   "star_score": 10,
   "document": "긴장감과 몰입감 최고 시간 정말 순삭임",
   "label": 1
 },
 {
   "movie_seq": 3,
   "review_seq": 14,
   "star_score": 10,
   "document": "연기구멍이 없어서 보기 좋았고요 마지막 메시지까지 완벽합니다",
   "label": 1
 },
 {
   "movie_seq": 3,
   "review_seq": 15,
   "star_score": 10,
   "document": "관람객들은 평점이 다 좋은데 평점테러한것들은 어떤인간이지",
   "label": 1
 },
 {
   "movie_seq": 3,
   "review_seq": 16,
   "star_score": 10,
   "document": "와 반전이네요 저희 엄마는 항상 영화를 지루하게보고 재미없다하는데 이번엔 재밌고 지루하지도 않았다고 하네요 신혜선님 연기 너무 잘하세요 몰입도가 아주 높았어요",
   "label": 1
 },
 {
   "movie_seq": 3,
   "review_seq": 17,
   "star_score": 10,
   "document": "배우들 연기가 너무좋았음 코로나 바이러스 다 찢어버릴 연기 배우 한명 한명 연기가 너무 좋아서 보는 내내 집중하게 만드는 너무좋은 영화 보고 왔음",
   "label": 1
 },
 {
   "movie_seq": 3,
   "review_seq": 18,
   "star_score": 8,
   "document": "그저 그랬던것 같아요",
   "label": 1
 },
 {
   "movie_seq": 3,
   "review_seq": 19,
   "star_score": 10,
   "document": "배우들 연기 다 괜찮은데 특히 동생역할한 배우 눈에 띄었음 신인인 것 같은데 굿 앞으로도 기대됨",
   "label": 1
 },
 {
   "movie_seq": 3,
   "review_seq": 20,
   "star_score": 10,
   "document": "조금은 과한 에 몰입감이 조금 흐려질 수 있었으며 중반부에 조금 늘어지는 듯하여 지루할뻔 하기도 하였으나 탄탄한 연기력을 보여주는 모든 배우들이 그 모든 것을 덮어내었다 허준호 배우님 정말 너무 너무 ",
   "label": 1
 },
 {
   "movie_seq": 3,
   "review_seq": 21,
   "star_score": 10,
   "document": "재밌게 봤습니다 신혜선 배우분 연기도 좋았고 스토리 자체도 나쁘지 않았습니다",
   "label": 1
 },
 {
   "movie_seq": 3,
   "review_seq": 22,
   "star_score": 10,
   "document": "신혜선과 배종옥 배우의 뛰어난 연기로 몰입하기 좋았습니다 긴장감 있으면서도 시원시원하게 전개되네요 엄마랑 극장에서 보면 좋을 영화로 추천합니다",
   "label": 1
 },
 {
   "movie_seq": 3,
   "review_seq": 23,
   "star_score": 10,
   "document": "배우들의 연기 특히 남동생 맡았던 배우의 연기가 너무 좋아서 끝나자마자 바로 찾아봤습니다 실화 바탕이라서 그런지 몰입감이랑 감동도 높았어요 엄마랑 같이보는거 추천합니다",
   "label": 1
 },
 {
   "movie_seq": 3,
   "review_seq": 24,
   "star_score": 10,
   "document": "오랜만에 극장에서 좋은 영화 본것같습니다",
   "label": 1
 },
 {
   "movie_seq": 3,
   "review_seq": 25,
   "star_score": 10,
   "document": "신혜선배우님 연기대박이시네요 영화스토리 너무좋았고 너무재미있게 잘봤어요  다음 영화나 드라마 나오시는것도 챙겨볼께요 신해선배우님 항상응원합니다",
   "label": 1
 },
 {
   "movie_seq": 3,
   "review_seq": 26,
   "star_score": 10,
   "document": "신혜선님과 배종옥님의 연기가 일단 흐름을 따라가기에 좋았다 특히 신혜선님의 딕션이 변호사라는 직업과 너무 잘 어울렸고 사건의 해결과 두 모녀의 감정선과거의 일들 모두 지루하지 않고 재밌었다",
   "label": 1
 },
 {
   "movie_seq": 3,
   "review_seq": 27,
   "star_score": 5,
   "document": "작품 후반에 나오는 정인의 대사에서 감독의 심정을 느꼈다왜 이렇게 됐는지 모르겠어요나도 영화가 왜 이렇게 된 건지 모르겠다",
   "label": 0
 },
 {
   "movie_seq": 3,
   "review_seq": 28,
   "star_score": 10,
   "document": "결백 개봉만 기다리고있었는데 무조건 강추입니다 캐릭터에 나도 모르게 감정이입되는 결말",
   "label": 1
 },
 {
   "movie_seq": 3,
   "review_seq": 29,
   "star_score": 10,
   "document": "신혜선 연기는 말이 필요없다",
   "label": 1
 },
 {
   "movie_seq": 3,
   "review_seq": 30,
   "star_score": 10,
   "document": "재미있고 인상깊은영화였어요",
   "label": 1
 },
 {
   "movie_seq": 3,
   "review_seq": 31,
   "star_score": 10,
   "document": "오우 최고였음감성을 자극하고 스토리도 무지 좋앗슈근래 본 영화중 최고였슈",
   "label": 1
 },
 {
   "movie_seq": 3,
   "review_seq": 32,
   "star_score": 10,
   "document": "부모자식간에끊을수없는사랑과진실앞에서의갈등을잘표현했으며주인공들은연기가어우려져가슴시린감동을주는영화",
   "label": 1
 },
 {
   "movie_seq": 3,
   "review_seq": 33,
   "star_score": 10,
   "document": "짙은 여운이 남는 영화 배우들의 연기가 훌륭했습니다",
   "label": 1
 },
 {
   "movie_seq": 3,
   "review_seq": 34,
   "star_score": 8,
   "document": "배우들이 연기를 정말 잘하시네요 몰입해서 잘봤습니다",
   "label": 1
 },
 {
   "movie_seq": 3,
   "review_seq": 35,
   "star_score": 10,
   "document": "엄마가 자꾸만 생각나는 영화 배종옥 허준호 배우의 일품연기는 물론이거니와 신혜선 홍경 배우의 재발견이라고 볼 수 있는 연기파 배우들의 멋진 영화인 것 같습니다 개봉해줘서 감사합니다ㅠㅜㅠㅠ",
   "label": 1
 },
 {
   "movie_seq": 3,
   "review_seq": 36,
   "star_score": 10,
   "document": "보통 평 잘 안 쓰는데 들어와서 쓰게 만드는 영화네요 ㅎㅎ일단 시작부터 집중하게 만들어 보는 내내 몰입하게 되네요스토리 구성이 탄탄하고 치밀한데다가 루즈한 순간도 없고 배우분들 연기도 좋아서 계속해서 몰",
   "label": 1
 },
 {
   "movie_seq": 3,
   "review_seq": 37,
   "star_score": 10,
   "document": "개봉전부터 보고싶었는데 시간 가는 줄 모르고관람했습니다 어느정도 스스로 내용을 그려가면서 보더라도 충분히 재미를 주네요 오랜만에 영화 봤는데 대만족입니다",
   "label": 1
 },
 {
   "movie_seq": 3,
   "review_seq": 38,
   "star_score": 10,
   "document": "간만에 극장 다녀온 보람이 있네요 무조건 보세요",
   "label": 1
 },
 {
   "movie_seq": 3,
   "review_seq": 39,
   "star_score": 10,
   "document": "워낙 연기력 탄탄하신 배우분들이 나오는 영화라 개봉 전부터 정말 기대했었는데 드디어 이제서야 나왔네요 기다리다 개봉날 바로 보고 왔습니다 역시나는 역시나네요 간만에 좋은 작품 보았어요 마스",
   "label": 1
 },
 {
   "movie_seq": 3,
   "review_seq": 40,
   "star_score": 10,
   "document": "결백 보려고 오랜만에 영화관 옴 존잼 오길 잘했음",
   "label": 1
 },
 {
   "movie_seq": 3,
   "review_seq": 41,
   "star_score": 6,
   "document": "연기만 좋고 스토리 개연성은 부족합니다",
   "label": 0
 },
 {
   "movie_seq": 3,
   "review_seq": 42,
   "star_score": 10,
   "document": "간만에 볼만한 영화입니다",
   "label": 1
 },
 {
   "movie_seq": 3,
   "review_seq": 43,
   "star_score": 10,
   "document": "기대했던것보다 재미있었어요배종옥연기 ㄷㄷ신혜선도 연기 잘하네요",
   "label": 1
 },
 {
   "movie_seq": 3,
   "review_seq": 44,
   "star_score": 10,
   "document": "출연진들의 탄탄한 연기력에 한 장면도 놓칠 수 없었다 결백의 의미에 대해 다시금 생각해 보게 하는 영화",
   "label": 1
 },
 {
   "movie_seq": 3,
   "review_seq": 45,
   "star_score": 10,
   "document": "재미있어요 연기 최고네요",
   "label": 1
 },
 {
   "movie_seq": 3,
   "review_seq": 46,
   "star_score": 10,
   "document": "신혜선 배종옥 혼신의 연기막판에 눈물 확 터뜨리네ㅠㅠ 아 슬프다",
   "label": 1
 },
 {
   "movie_seq": 3,
   "review_seq": 47,
   "star_score": 10,
   "document": "연기너무좋았어요 신혜선배우님 팬 됐음 다른 배우들도 연기력 영화 재미있게봤어요 감동도있고ㅠㅠ",
   "label": 1
 },
 {
   "movie_seq": 3,
   "review_seq": 48,
   "star_score": 8,
   "document": "연기는좋으나 약간 신파ㅠㅠ",
   "label": 1
 },
 {
   "movie_seq": 3,
   "review_seq": 49,
   "star_score": 6,
   "document": "연기는 다 좋았다 그러나스토리의 앞부분은 긴장감이 있었지만 끝 마무리가 급하고 허무했다 돈이 조금 아까웠다 그래도 연기력이 좋아서 집중은 되었던 것 같다",
   "label": 0
 },
 {
   "movie_seq": 3,
   "review_seq": 50,
   "star_score": 10,
   "document": "연기를 정말 잘하네요 코로나때문에 극장 못갔었는데 오랜만에 좋은영화 보고왔네요",
   "label": 1
 }
]