[
 {
   "movie_seq": 4,
   "review_seq": 0,
   "star_score": 10,
   "document": "관객에게 미끼를 던진 영화",
   "label": 1
 },
 {
   "movie_seq": 4,
   "review_seq": 1,
   "star_score": 10,
   "document": "반전에반전감독한테놀아난느낌",
   "label": 1
 },
 {
   "movie_seq": 4,
   "review_seq": 2,
   "star_score": 9,
   "document": "나감독 숨은 쉬게해줘야지",
   "label": 1
 },
 {
   "movie_seq": 4,
   "review_seq": 3,
   "star_score": 10,
   "document": "어이없어서 웃기고 그냥 보고난후 뭐지이느낌",
   "label": 1
 },
 {
   "movie_seq": 4,
   "review_seq": 4,
   "star_score": 1,
   "document": "할말없는 영화임본사람은 공감할듯무섭고 잔인하고 징그럽고 소름끼치는 반전까지 고루 갖췄지만 그 모든걸 넘어서는 찝찝함",
   "label": 0
 },
 {
   "movie_seq": 4,
   "review_seq": 5,
   "star_score": 8,
   "document": "보는 내내 골룸 생각났음ㅋㅋ",
   "label": 1
 },
 {
   "movie_seq": 4,
   "review_seq": 6,
   "star_score": 10,
   "document": "현혹된 자만이 느낄수 있는 공포 그리고 후유증",
   "label": 1
 },
 {
   "movie_seq": 4,
   "review_seq": 7,
   "star_score": 9,
   "document": "긴장감만점 다만점을준건 결말이 너무모호하다 개연성도 부족한거같고 천우희가도와준이유황전민정체할배가천우희쫓아뛰는이유 등등 감독한테직접물어보고싶은게많다",
   "label": 1
 },
 {
   "movie_seq": 4,
   "review_seq": 8,
   "star_score": 10,
   "document": "정말로 곡소리 나오는 영화 ",
   "label": 1
 },
 {
   "movie_seq": 4,
   "review_seq": 9,
   "star_score": 10,
   "document": "난해한거 싫어하시는 분들 비추천 불친절한 영화 싫어하시는 분들 비추천 의미부여 된거 일명 떡밥 해석하는거 싫어하시는 분들 비추천 그냥 별 생각않고 영화 즐기고픈 분들이 볼만 한 영화는 아님 그런 분들이 이",
   "label": 1
 },
 {
   "movie_seq": 4,
   "review_seq": 10,
   "star_score": 7,
   "document": "엔딩크레딧이 올라갈때 사람들의 반응은 절반은 욕하고 절반은 벙찐 상태가 된다 개인적으로 결국 영화에대한 생각은 계속 맴돌더라 찝찝함인지 궁금함인지 아직도 잘 모르겠다",
   "label": 1
 },
 {
   "movie_seq": 4,
   "review_seq": 11,
   "star_score": 6,
   "document": "초반엔 범인찾고 추리하는 스릴런줄 알았더만 생각해보니 그것도 일단은 맞네 미끼를 내가 물었구나",
   "label": 0
 },
 {
   "movie_seq": 4,
   "review_seq": 12,
   "star_score": 1,
   "document": "잘만들었지만 관람은 비추입니다",
   "label": 0
 },
 {
   "movie_seq": 4,
   "review_seq": 13,
   "star_score": 10,
   "document": "성인배우는 물론 아역연기가아주후기 신경안쓰고 보고싶으면 보고 후회는 절대 안하실듯",
   "label": 1
 },
 {
   "movie_seq": 4,
   "review_seq": 14,
   "star_score": 1,
   "document": "감독 이름부터 외웠다 다음부턴 안보려고",
   "label": 0
 },
 {
   "movie_seq": 4,
   "review_seq": 15,
   "star_score": 10,
   "document": "되게 토론하고싶은 영화  진짜 나랑같이 봤던 관객들붙잡아서 의견을 묻고싶은 영화",
   "label": 1
 },
 {
   "movie_seq": 4,
   "review_seq": 16,
   "star_score": 1,
   "document": "세의 황해 좀비 엑소시스트 이런 거 싫어하는 사람은 보지마세요 구역질납니다",
   "label": 0
 },
 {
   "movie_seq": 4,
   "review_seq": 17,
   "star_score": 10,
   "document": "끊임없이 의심하게 만드는 영화",
   "label": 1
 },
 {
   "movie_seq": 4,
   "review_seq": 18,
   "star_score": 8,
   "document": "살인의추억콘스탄틴새벽의저주디아더스추격자박수무당",
   "label": 1
 },
 {
   "movie_seq": 4,
   "review_seq": 19,
   "star_score": 1,
   "document": "무슨영화인지 모르겟다",
   "label": 0
 },
 {
   "movie_seq": 4,
   "review_seq": 20,
   "star_score": 1,
   "document": "배우들의 연기력과 숨을 조여오는 연출이 훌륭합니다근데 그게 다 내용과는 상관 없이 오로지 관객을 속여먹으려는 의도라는게 기가 막힙니다",
   "label": 0
 },
 {
   "movie_seq": 4,
   "review_seq": 21,
   "star_score": 10,
   "document": "몰입감 장난 아니네요 시간 반이 길게 안느껴져요 다보고 나오는데 뭔가 지침ㅎㅎ 근데 좀 난해해서 한번 더 봐야겠음",
   "label": 1
 },
 {
   "movie_seq": 4,
   "review_seq": 22,
   "star_score": 8,
   "document": "이상해요 무슨장르에요 이게",
   "label": 1
 },
 {
   "movie_seq": 4,
   "review_seq": 23,
   "star_score": 5,
   "document": "돈내고 스트레스를 받아왔다",
   "label": 0
 },
 {
   "movie_seq": 4,
   "review_seq": 24,
   "star_score": 9,
   "document": "한국영화 같지 않은 연출전개방식엔딩",
   "label": 1
 },
 {
   "movie_seq": 4,
   "review_seq": 25,
   "star_score": 1,
   "document": "내용도 없고 잔인한 장면만 많네요 부성애를 자극하려면 결말이라도 잘 내던가하지 배우의 연기력은 최고 평점이지만 스토리는 정말 아닌듯 합니다 보고 기분나쁜영화였습니다",
   "label": 0
 },
 {
   "movie_seq": 4,
   "review_seq": 26,
   "star_score": 8,
   "document": "음ㅋㅋㅋ 영화보고 왜케 기분 나쁘지",
   "label": 1
 },
 {
   "movie_seq": 4,
   "review_seq": 27,
   "star_score": 1,
   "document": "구라안치고 영화 엔딩크레딧 올라오자마자 다들 뭐야ㅋ이소리하고 나감",
   "label": 0
 },
 {
   "movie_seq": 4,
   "review_seq": 28,
   "star_score": 1,
   "document": "떡밥만 줄창 던지고 회수는 안되고 에라 모르겠다 반전이라 처먹어라 느낌 황정민은 개연성도 없도 뭣도 없는 역할 한편이야 뭐야 살날릴때 일본놈 억억 하는 건 왜 자꾸 화면에 잡아줌",
   "label": 0
 },
 {
   "movie_seq": 4,
   "review_seq": 29,
   "star_score": 1,
   "document": "볼때는 재밌었다 그렇게 끝날지 몰랐으니까",
   "label": 0
 },
 {
   "movie_seq": 4,
   "review_seq": 30,
   "star_score": 1,
   "document": "곡성이 관객을 낚았다",
   "label": 0
 },
 {
   "movie_seq": 4,
   "review_seq": 31,
   "star_score": 1,
   "document": "천원으로 밥을 사드새오",
   "label": 0
 },
 {
   "movie_seq": 4,
   "review_seq": 32,
   "star_score": 3,
   "document": "정말 지대로 낚네요 통수영화 지리구연",
   "label": 0
 },
 {
   "movie_seq": 4,
   "review_seq": 33,
   "star_score": 1,
   "document": "이게 왜 평론가들한테 극찬감이지ㅠㅠㅠ",
   "label": 0
 },
 {
   "movie_seq": 4,
   "review_seq": 34,
   "star_score": 1,
   "document": "별루 피칠갑만 잔뜩구경",
   "label": 0
 },
 {
   "movie_seq": 4,
   "review_seq": 35,
   "star_score": 10,
   "document": "관객을 악마처럼 손아귀에 가지고 논 나홍진감독에게 찬사를 바칩니다 카메라 앵글 조명 미쟝센까지 첫장면 부터 마지막까지 완벽하게 잘 짜여진 요 근래 한국 영화 최고의 작품입니다",
   "label": 1
 },
 {
   "movie_seq": 4,
   "review_seq": 36,
   "star_score": 6,
   "document": "천우희에서 끝났어야되 왜 갑자기 또 반전을 만들어서 에혀 좀비는 진짜 에러다ㅡㅡ",
   "label": 0
 },
 {
   "movie_seq": 4,
   "review_seq": 37,
   "star_score": 1,
   "document": "귀신이 예수 흉내내며 육체를 입기위해 사탄에게 사람을 제물로 바치는 인신제사를 모티브로 한 사타니즘 영화 신을 희롱하고 무지한 관객들을 우롱한다 영적인 시각이 없는 사람은 이 영화의 무서움을 알지못한 채 찝찝함만",
   "label": 0
 },
 {
   "movie_seq": 4,
   "review_seq": 38,
   "star_score": 1,
   "document": "죽기 전에 절대 이런 류의 영화를 다시는 보지 말아야겠다고 생각했습니다 모든 정신이 피폐해지는 느낌요즘 영화볼게 없어서 예매율 높은건듯",
   "label": 0
 },
 {
   "movie_seq": 4,
   "review_seq": 39,
   "star_score": 1,
   "document": "이 영화 재밌다고 하는 사람들 다시 보게되네요재밌다고 하는 사람들이 무서움",
   "label": 0
 },
 {
   "movie_seq": 4,
   "review_seq": 40,
   "star_score": 1,
   "document": "정말 짜증지대루남친과보다 헤어질뻔보자고한내가 죄인배우들연기력은 인정이가지만시나리오는 진짜대박그냥 보는내내 스트레스였음ㅠㅠ",
   "label": 0
 },
 {
   "movie_seq": 4,
   "review_seq": 41,
   "star_score": 7,
   "document": "넘 어려웠다 종교와 무속신앙 귀신과 악마동양과 서양 결말은 대체 어떤건지 하지만 정말 무서웠다 보는내내 내가 굿받는것같은현기증을 느꼈다",
   "label": 1
 },
 {
   "movie_seq": 4,
   "review_seq": 42,
   "star_score": 1,
   "document": "영화까는건 아닌데 솔직히 기대 이하는 확실하다시간분동안 스트레스 받을려면 이영화를 봐라 는 뎃글을보고 어떤 무식한놈이 이런뎃글을 남겨했는데그뎃글을 믿어야했다어떤사람에겐 재밋을지모르지만나에겐 정말 스트레스받",
   "label": 0
 },
 {
   "movie_seq": 4,
   "review_seq": 43,
   "star_score": 3,
   "document": "그닥 그래요 별로에요ㅠㅠㅠ",
   "label": 0
 },
 {
   "movie_seq": 4,
   "review_seq": 44,
   "star_score": 1,
   "document": "중간에나오고싶을정도기분나쁜영화",
   "label": 0
 },
 {
   "movie_seq": 4,
   "review_seq": 45,
   "star_score": 5,
   "document": "나홍진 전작을 생각하고가면 오산이다 뭔가 미스터리 스릴러가 있을꺼라고 생각했지만 그냥 미스터리만 남는다결말도 미스터리다",
   "label": 0
 },
 {
   "movie_seq": 4,
   "review_seq": 46,
   "star_score": 1,
   "document": "최고의 평론가가점줘서 봤는데 평론가급전필요했습니까동생엄마애인같이봤는데 동생한테 미안했네요 이게 세 말이 됩니까 내 휴일 내 돈 너무 아까웠네요볼건 배우들의 연기 연기는 정말 잘합니다다만 영화가 ",
   "label": 0
 },
 {
   "movie_seq": 4,
   "review_seq": 47,
   "star_score": 1,
   "document": "평점 잘주는 사람들 꿈보다 해몽이 예술이네 돈시간 버리고 싶은 사람은 극장에 보러 가시길 점도 아깝다는거에 공감",
   "label": 0
 },
 {
   "movie_seq": 4,
   "review_seq": 48,
   "star_score": 1,
   "document": "아는 척 좋아하는 해석충들이나 빨아댈 영화 아는 만큼 보이고 재밌다는데 아는 만큼 보이는건 맞는데 진심 재미가 하나도 없다 언플 농간에 놀아나지 마라 마치 벌거숭이 임금님을 보는 듯 하다 뭔 뜻인지 알거라 믿는다",
   "label": 0
 },
 {
   "movie_seq": 4,
   "review_seq": 49,
   "star_score": 1,
   "document": "번개맞고 좀비나오고 까마귀 날아다니고 난리 잡동사니",
   "label": 0
 },
 {
   "movie_seq": 4,
   "review_seq": 50,
   "star_score": 1,
   "document": "스트레스만 받고나왔네 ㅋㅋ 골룸녀석 ㅋㅋ",
   "label": 0
 }
]