[
 {
   "movie_seq": 2,
   "review_seq": 0,
   "star_score": 9,
   "document": "아무도 날 사랑하지 않는다던 붉은여왕이 가엾고 사랑스러웠다",
   "label": 1
 },
 {
   "movie_seq": 2,
   "review_seq": 1,
   "star_score": 10,
   "document": "뭔대이리재밌어요이거",
   "label": 1
 },
 {
   "movie_seq": 2,
   "review_seq": 2,
   "star_score": 8,
   "document": "누가 거울나라의 앨리스를 거울닦이라 했는가 여전히 팀버튼의 자의식은 선명하고 새로운 창작진은 아주 영리하게도 세기의 이 영화에 아주 피씨한 페미니즘을 수혈했다 걸 파워와 워맨스의 승리 그리고 알란 릭먼을 추",
   "label": 1
 },
 {
   "movie_seq": 2,
   "review_seq": 3,
   "star_score": 10,
   "document": "환상을 즐길 수 있었어요 내 안에 있던 판타지를 보강시켜주는 느낌이고 교훈적이어서 너무 좋았어요",
   "label": 1
 },
 {
   "movie_seq": 2,
   "review_seq": 4,
   "star_score": 3,
   "document": "잘 모르겠다 뭔가 진부한 느낌 그리고 남 생명줄 아무렇지않게 훔쳐가서 지 할일하는 앨리스나 거짓말로 붉은 여왕을 그렇게 만든 하얀 여왕이나 붉은여왕이 제일 불쌍한 피해자처럼 보였음 나만 그렇게 생",
   "label": 0
 },
 {
   "movie_seq": 2,
   "review_seq": 5,
   "star_score": 10,
   "document": "꿈과 환상의 영화 너무나 재밌게 봤어용",
   "label": 1
 },
 {
   "movie_seq": 2,
   "review_seq": 6,
   "star_score": 4,
   "document": "앨리스가 하는 짓거리보면 암걸릴 것 같았어요 언년이처럼 민폐 쩔었어요",
   "label": 0
 },
 {
   "movie_seq": 2,
   "review_seq": 7,
   "star_score": 8,
   "document": "시간에 대해 깊은 생각을 하게 되는것 같다",
   "label": 1
 },
 {
   "movie_seq": 2,
   "review_seq": 8,
   "star_score": 10,
   "document": "색체와 상상력이 볼만하다 세는 높게 잡은것 같다",
   "label": 1
 },
 {
   "movie_seq": 2,
   "review_seq": 9,
   "star_score": 9,
   "document": "재밌었어요 ㅋ색채가 아주이뻐요 ㅋ",
   "label": 1
 },
 {
   "movie_seq": 2,
   "review_seq": 10,
   "star_score": 10,
   "document": "저는 진짜 재밌게봤어요 시간이란주제를 좋아해서 인생영화라고생각됩니다 사람마다 다다르겠지만 제개인적으론 너무좋았습니다",
   "label": 1
 },
 {
   "movie_seq": 2,
   "review_seq": 11,
   "star_score": 9,
   "document": "재미있게 잘 봤습니다",
   "label": 1
 },
 {
   "movie_seq": 2,
   "review_seq": 12,
   "star_score": 8,
   "document": "화려한 영상이 압도적이네요딸아이가 재밌었다고 엄지척",
   "label": 1
 },
 {
   "movie_seq": 2,
   "review_seq": 13,
   "star_score": 9,
   "document": "편에 이어지는 전개와 시간이 주는 교훈을 겸허히 받아들여야겠다는 메세지가 와닿네요",
   "label": 1
 },
 {
   "movie_seq": 2,
   "review_seq": 14,
   "star_score": 8,
   "document": "초등학년학년 처음 보는 자막영화라 조금걱정했지만 재미있게 잘봤다고 하네요환타지 영화라 아이들의 무한 상상력을 길러줄수있는거같아 좋았어요",
   "label": 1
 },
 {
   "movie_seq": 2,
   "review_seq": 15,
   "star_score": 10,
   "document": "너무나 화려하고 탄탄해서 보는 내내 감탄하고 벅찼다오열",
   "label": 1
 },
 {
   "movie_seq": 2,
   "review_seq": 16,
   "star_score": 10,
   "document": "이거 보다가 지진 나서 평생 못잊을거 같다",
   "label": 1
 },
 {
   "movie_seq": 2,
   "review_seq": 17,
   "star_score": 1,
   "document": "온가족을 잠들게 만드는 영화",
   "label": 0
 },
 {
   "movie_seq": 2,
   "review_seq": 18,
   "star_score": 3,
   "document": "내용이 황당합니다 주인공이 발암캐릭터임",
   "label": 0
 },
 {
   "movie_seq": 2,
   "review_seq": 19,
   "star_score": 9,
   "document": "조니뎁의 연기를 보면 연기를 한다가 아니라 실제 인물인거 같은 착각 재밌었어요 아주마니",
   "label": 1
 },
 {
   "movie_seq": 2,
   "review_seq": 20,
   "star_score": 10,
   "document": "영상미가 좋았어요 팀 버튼 감독이 제작이여서 아쉬웠던것도 있지만 좋았어요",
   "label": 1
 },
 {
   "movie_seq": 2,
   "review_seq": 21,
   "star_score": 8,
   "document": "재미있게봤어요",
   "label": 1
 },
 {
   "movie_seq": 2,
   "review_seq": 22,
   "star_score": 5,
   "document": "기대보다 실망이네요",
   "label": 0
 },
 {
   "movie_seq": 2,
   "review_seq": 23,
   "star_score": 10,
   "document": "보고싶은 앨런릭먼 ㅜㅜ",
   "label": 1
 },
 {
   "movie_seq": 2,
   "review_seq": 24,
   "star_score": 10,
   "document": "시간 역할한 배우분 매우 마음에 들었습니다 추천할만한 영화",
   "label": 1
 },
 {
   "movie_seq": 2,
   "review_seq": 25,
   "star_score": 6,
   "document": "그냥저냥그냥저냥그냥그럼",
   "label": 0
 },
 {
   "movie_seq": 2,
   "review_seq": 26,
   "star_score": 5,
   "document": "편을 뛰어넘지는 못한",
   "label": 0
 },
 {
   "movie_seq": 2,
   "review_seq": 27,
   "star_score": 10,
   "document": "영화짱재미있었어요동화에 주인공이된기분이였어요영화가끝나고도 여운이남아ㅜ집에가기싫었어요모자장수하고 그동화속나라에서 살고싶었어요",
   "label": 1
 },
 {
   "movie_seq": 2,
   "review_seq": 28,
   "star_score": 10,
   "document": " 추천합니다",
   "label": 1
 },
 {
   "movie_seq": 2,
   "review_seq": 29,
   "star_score": 10,
   "document": "오옹오옹오옹오옹오옹",
   "label": 1
 },
 {
   "movie_seq": 2,
   "review_seq": 30,
   "star_score": 10,
   "document": "이상한 나라의 엘리스도 재미있었는데거울 나라의 엘리스도 재미있었어요시간가는줄 모르고 잘 보았습니다",
   "label": 1
 },
 {
   "movie_seq": 2,
   "review_seq": 31,
   "star_score": 10,
   "document": "넘 재밌었어요 아이 어른 모두 관람하기 좋은거 같아요",
   "label": 1
 },
 {
   "movie_seq": 2,
   "review_seq": 32,
   "star_score": 5,
   "document": "기대한 영화는 아니였는데 영상화려해서 볼만했어요",
   "label": 0
 },
 {
   "movie_seq": 2,
   "review_seq": 33,
   "star_score": 4,
   "document": "킬링타임으로보게에는좋아요ㅎ보세여",
   "label": 0
 },
 {
   "movie_seq": 2,
   "review_seq": 34,
   "star_score": 8,
   "document": "로보면 더재미있을각 퀄리티 대박",
   "label": 1
 },
 {
   "movie_seq": 2,
   "review_seq": 35,
   "star_score": 9,
   "document": "살짝 지루한감이 있었지만 좋았어요",
   "label": 1
 },
 {
   "movie_seq": 2,
   "review_seq": 36,
   "star_score": 9,
   "document": "개인적으로 재밌었습니다",
   "label": 1
 },
 {
   "movie_seq": 2,
   "review_seq": 37,
   "star_score": 10,
   "document": "영상미에 조니뎁 연기력까지 최괴에요",
   "label": 1
 },
 {
   "movie_seq": 2,
   "review_seq": 38,
   "star_score": 8,
   "document": "아이가 보기에는 분장이 너무 무서웠어요 엄마랑 함꺼 봤어요그런데과거로돌아가는 크로노스피어 장면이 흥미로웠어요 내가 거기에 타고 시간여행을 한다면 무섭고도 재미있을거에요",
   "label": 1
 },
 {
   "movie_seq": 2,
   "review_seq": 39,
   "star_score": 10,
   "document": "와 완전 내면의 판타지를 불어일으키는 명작이었습니다",
   "label": 1
 },
 {
   "movie_seq": 2,
   "review_seq": 40,
   "star_score": 10,
   "document": "케릭터가 너무 잼있습니다",
   "label": 1
 },
 {
   "movie_seq": 2,
   "review_seq": 41,
   "star_score": 7,
   "document": "전작을 안보고 봐도 재미있는영화",
   "label": 1
 },
 {
   "movie_seq": 2,
   "review_seq": 42,
   "star_score": 8,
   "document": "명절에 아이들하고 보기에 좋아요",
   "label": 1
 },
 {
   "movie_seq": 2,
   "review_seq": 43,
   "star_score": 9,
   "document": "재미있게 봤어요 추석연휴 가족단위구성 관람객이 많네요",
   "label": 1
 },
 {
   "movie_seq": 2,
   "review_seq": 44,
   "star_score": 10,
   "document": "재밌네요 아주 재밌군요",
   "label": 1
 },
 {
   "movie_seq": 2,
   "review_seq": 45,
   "star_score": 8,
   "document": "시간가는줄 모르고 잘봤습니다",
   "label": 1
 },
 {
   "movie_seq": 2,
   "review_seq": 46,
   "star_score": 7,
   "document": "왕대가리여자랑 흰색공주님 화해한거 ㅊㅋㅊㅋ",
   "label": 1
 },
 {
   "movie_seq": 2,
   "review_seq": 47,
   "star_score": 4,
   "document": "봐줄만했습니다ㅎ재밌당",
   "label": 0
 },
 {
   "movie_seq": 2,
   "review_seq": 48,
   "star_score": 8,
   "document": "역시 팀 버튼 감독은 나를 실망시키지 않았다 식상하다는 편견을 가질 수도 있지만 추석에 가족들과 보기에 딱 좋은 명배우들의 빨려들어가는 판타지",
   "label": 1
 },
 {
   "movie_seq": 2,
   "review_seq": 49,
   "star_score": 6,
   "document": "그냥저냥기대이하였어요",
   "label": 0
 },
 {
   "movie_seq": 2,
   "review_seq": 50,
   "star_score": 8,
   "document": "재미는 있지만 원작이 더 좋았다",
   "label": 1
 }
]