[
 {
   "movie_seq": 5,
   "review_seq": 0,
   "star_score": 2,
   "document": "재밋게ㅤㅂㅘㅅ는데 낮에보지마라 급식들 존나시끄러워서 개팰번했다 호들갑들은 ㄹㅇ진짜 해설을쳐하고잇네",
   "label": 0
 },
 {
   "movie_seq": 5,
   "review_seq": 1,
   "star_score": 10,
   "document": "와 진짜 개무서움 진짜 막판에 무지막지하게 몰아침 하도 긴장하면서 봐가지고 온몸이 아픔 태어나서 본 영화중에 젤 무서움",
   "label": 1
 },
 {
   "movie_seq": 5,
   "review_seq": 2,
   "star_score": 9,
   "document": "지현이 눈깔 뒤집히면서 이상한 소리 할 때 공포영화 진짜 잘보는 나도 소름돋게 만들었다",
   "label": 1
 },
 {
   "movie_seq": 5,
   "review_seq": 3,
   "star_score": 10,
   "document": "술먹으러왔습니다 맨정신에못잘것같아서",
   "label": 1
 },
 {
   "movie_seq": 5,
   "review_seq": 4,
   "star_score": 10,
   "document": "따흐흑 이거 진짜 역대급으로 무서움",
   "label": 1
 },
 {
   "movie_seq": 5,
   "review_seq": 5,
   "star_score": 9,
   "document": "너무무서워서 중간에 나오고싶었음하",
   "label": 1
 },
 {
   "movie_seq": 5,
   "review_seq": 6,
   "star_score": 10,
   "document": "알바는무슨 존ㄴㄱㄴ무섭네",
   "label": 1
 },
 {
   "movie_seq": 5,
   "review_seq": 7,
   "star_score": 10,
   "document": "기담도 봤지만 기담보다 무서웠음ㅠㅠㅠㅠ 진짜 곤지암 체험하는 느낌",
   "label": 1
 },
 {
   "movie_seq": 5,
   "review_seq": 8,
   "star_score": 10,
   "document": "보지마세요 진짜 원주고 봤는데 병원비가 더 들어갈거 같아요 정신병원추천함",
   "label": 1
 },
 {
   "movie_seq": 5,
   "review_seq": 9,
   "star_score": 10,
   "document": "공포영화답게 무섭기도 최강인데 디테일 살린 연출도 아주 좋았습니다",
   "label": 1
 },
 {
   "movie_seq": 5,
   "review_seq": 10,
   "star_score": 6,
   "document": "필히 앞자리로 잡은세요화면이 연기자 시각에서 보이니 나두 저기있는듯 저영화를 숲속에서 상영하면 대박일듯",
   "label": 0
 },
 {
   "movie_seq": 5,
   "review_seq": 11,
   "star_score": 10,
   "document": "무섭다 너무 너무 무섭다와이프랑 보고 왔는데정말 최강으로 무섭다 나 원래 무서운거 잘보는데 내가 남자여도 이번건 진심 매우 무섭다다신 못보겠다",
   "label": 1
 },
 {
   "movie_seq": 5,
   "review_seq": 12,
   "star_score": 10,
   "document": "개봉 전부터 기대했는데 기대 이상 체험 공포라는 말이 딱 맞는 공포 영화였음",
   "label": 1
 },
 {
   "movie_seq": 5,
   "review_seq": 13,
   "star_score": 1,
   "document": "하나도 안무서웠습니다눈 커지는 장면에선 오하려 웃음이 났네요",
   "label": 0
 },
 {
   "movie_seq": 5,
   "review_seq": 14,
   "star_score": 10,
   "document": "마지막 분 꽉잡으세요 브레이크없이 훅 들어옵니다ㅋㅋㅋㅋ",
   "label": 1
 },
 {
   "movie_seq": 5,
   "review_seq": 15,
   "star_score": 8,
   "document": "랩하는 귀신이 제일 무서워요 솔직히 귀신 나오기 전이 제일 무서웠고 그 부터는 눈가리고 봤어요",
   "label": 1
 },
 {
   "movie_seq": 5,
   "review_seq": 16,
   "star_score": 1,
   "document": "귀찮지만 남김",
   "label": 0
 },
 {
   "movie_seq": 5,
   "review_seq": 17,
   "star_score": 8,
   "document": "대장아거길 왜 들어가ㅠㅠ",
   "label": 1
 },
 {
   "movie_seq": 5,
   "review_seq": 18,
   "star_score": 4,
   "document": "초반에 흔들리는거 너무 정신없음",
   "label": 0
 },
 {
   "movie_seq": 5,
   "review_seq": 19,
   "star_score": 8,
   "document": "진짜 고딩들 영화 볼때 매너 좀 지켜라 큰소리로 대화는 기본이고 전화받고 왔다리 갔다리 영화는 재밌었어요",
   "label": 1
 },
 {
   "movie_seq": 5,
   "review_seq": 20,
   "star_score": 8,
   "document": "밤에 봤는데 고딩들때메 집중못함",
   "label": 1
 },
 {
   "movie_seq": 5,
   "review_seq": 21,
   "star_score": 1,
   "document": "돈만 날렸네요 역시는역시",
   "label": 0
 },
 {
   "movie_seq": 5,
   "review_seq": 22,
   "star_score": 8,
   "document": "눈이 헴스터 눈 닮은 귀신과 벌거벗은 근육맨이 인상 적 이네요저녁에 보고 와서 그런지 자는내내 헴스터 눈닮은 귀신이 꿈에 나오더라고요",
   "label": 1
 },
 {
   "movie_seq": 5,
   "review_seq": 23,
   "star_score": 1,
   "document": "진짜너무기대해서그런지 생각보다 안무섭고 노잼임",
   "label": 0
 },
 {
   "movie_seq": 5,
   "review_seq": 24,
   "star_score": 10,
   "document": "기대 이상으로 재밌었고 공포의 시작인 여성분이 가장 무서웠다",
   "label": 1
 },
 {
   "movie_seq": 5,
   "review_seq": 25,
   "star_score": 10,
   "document": "컨저링 인시디어스 파라노말 등 공포영화들 다 봤는데 여태 본 공포 영화 중 최고로 무서웠음",
   "label": 1
 },
 {
   "movie_seq": 5,
   "review_seq": 26,
   "star_score": 1,
   "document": "무섭다고해도 기대 안했는데 무표정으로 봄",
   "label": 0
 },
 {
   "movie_seq": 5,
   "review_seq": 27,
   "star_score": 9,
   "document": "간만에 나온 한국 공포영화의 수작",
   "label": 1
 },
 {
   "movie_seq": 5,
   "review_seq": 28,
   "star_score": 6,
   "document": "혼자봤는데 생각보다는안무서움초반부는 지루함나름 신선한 영화였음근데 밤에 혼자봄 무섭겠네요",
   "label": 0
 },
 {
   "movie_seq": 5,
   "review_seq": 29,
   "star_score": 2,
   "document": "무슨영화지진짜돈아까으ㅝㅅ음",
   "label": 0
 },
 {
   "movie_seq": 5,
   "review_seq": 30,
   "star_score": 8,
   "document": "아니내용도 모르겠음 그냥 앉아있다 급체로 영화관 나옴",
   "label": 1
 },
 {
   "movie_seq": 5,
   "review_seq": 31,
   "star_score": 1,
   "document": "와 진짜 쓰레기영화ㅋㅋㅋ 대놓고 귀신나오고 뭐냐 특히 배우들이 너무 오버해서 무슨 연극보는줄 연기너무못함ㅋㅋ 여배우들은 소리만질러대고 컨셉이 체험하러간건데 지옥에온것같은 괴물 음향효과는 대체 왜나오는건지",
   "label": 0
 },
 {
   "movie_seq": 5,
   "review_seq": 32,
   "star_score": 10,
   "document": "진짜 제가 무서운영화 좋아하고 무서워하는인인데 외국영화한국영화 무서운거란 무서운건 다봤는데 진짜 지금까지의 영화중에 곤지암 갑오브갑인듯시시싯ㅂㅅㅂㅅ긷ㄱㄷㅂ",
   "label": 1
 },
 {
   "movie_seq": 5,
   "review_seq": 33,
   "star_score": 9,
   "document": "솔직히 샬롯이 더 무서웠음 ",
   "label": 1
 },
 {
   "movie_seq": 5,
   "review_seq": 34,
   "star_score": 6,
   "document": "귀신 얼굴 차라리 안 보여주는게 훨씬 무서웠을 듯 ㅋㅋ얼굴 나오는 순간 긴장감 무서움 확 깸 ㅎ 그냥 인칭 시점 분위기 땜에 더 그렇게 느끼는거지 그냥 일반인 분장해놓은 것 같았음 우리나라 공포영화는 ",
   "label": 0
 },
 {
   "movie_seq": 5,
   "review_seq": 35,
   "star_score": 6,
   "document": "관객을 잘 만나야 할듯 중딩들이 소리지르면서 욕하는 애들 때문에 빡침영화에 집중이 안됨근래 들어 본 영화중에는 깜짝 놀랄만한 장면이 몇번 있음 그정도",
   "label": 0
 },
 {
   "movie_seq": 5,
   "review_seq": 36,
   "star_score": 4,
   "document": "재미없어요ㅠㅠ",
   "label": 0
 },
 {
   "movie_seq": 5,
   "review_seq": 37,
   "star_score": 1,
   "document": "와 진짜 점이 아까운 영화이거 평점 높게 쓴사람들은 다 알바인가요 진심 ",
   "label": 0
 },
 {
   "movie_seq": 5,
   "review_seq": 38,
   "star_score": 5,
   "document": "페북이만들어낸 괴물영화",
   "label": 0
 },
 {
   "movie_seq": 5,
   "review_seq": 39,
   "star_score": 1,
   "document": "그동안 공포영화봤던것들 카피한 느낌",
   "label": 0
 },
 {
   "movie_seq": 5,
   "review_seq": 40,
   "star_score": 10,
   "document": "졸무섭 보는 내내 중고딩 소리지르는거무서ㅤㅇㅝㅅ음",
   "label": 1
 },
 {
   "movie_seq": 5,
   "review_seq": 41,
   "star_score": 6,
   "document": "너무 기대하면서 본건가그렇게 무섭지도 않구 내용도 그닥",
   "label": 0
 },
 {
   "movie_seq": 5,
   "review_seq": 42,
   "star_score": 1,
   "document": "진짜 재미없어요 이걸 돈주고보는지 전부 알바들 고용해서 팝콘같은소리하고있네 어디가 무서운지",
   "label": 0
 },
 {
   "movie_seq": 5,
   "review_seq": 43,
   "star_score": 1,
   "document": "평점 반개도 아깝다 진짜 너무 뻔하고 지루하고 무섭지도않고 최악이다 진짜로 보지마세요 돈아까워요",
   "label": 0
 },
 {
   "movie_seq": 5,
   "review_seq": 44,
   "star_score": 1,
   "document": "쓰레기 한마디로 충분하다",
   "label": 0
 },
 {
   "movie_seq": 5,
   "review_seq": 45,
   "star_score": 1,
   "document": "대체왜봄ㅋㅋㅋ진짜 쓰레기영화",
   "label": 0
 },
 {
   "movie_seq": 5,
   "review_seq": 46,
   "star_score": 1,
   "document": "인간적으롱 이건 너무심하잖아요",
   "label": 0
 },
 {
   "movie_seq": 5,
   "review_seq": 47,
   "star_score": 8,
   "document": "와 장난아니네요 ㅜㅠ대박 무서움 진짜 무서움욕이 절로 나옴 후",
   "label": 1
 },
 {
   "movie_seq": 5,
   "review_seq": 48,
   "star_score": 2,
   "document": "한개도아까운 삼류 쓰래시영화",
   "label": 0
 },
 {
   "movie_seq": 5,
   "review_seq": 49,
   "star_score": 6,
   "document": "한국 공포영화 치고는 괜찮았다",
   "label": 0
 },
 {
   "movie_seq": 5,
   "review_seq": 50,
   "star_score": 6,
   "document": "그닥 무섭지도않고 내용도억지같음",
   "label": 0
 }
]