[
 {
   "movie_Seq": 6,
   "review_seq": 0,
   "star_score": 10,
   "document": "개인적으로는 번방보다 이영화가 더 나은듯",
   "label": 1
 },
 {
   "movie_Seq": 6,
   "review_seq": 1,
   "star_score": 8,
   "document": "재미있는 상황 연출과 소소한 유머 그리고 이병헌의 미친듯한 연기 이병헌의 연기는 경악하고 소름끼칠 정도",
   "label": 1
 },
 {
   "movie_Seq": 6,
   "review_seq": 2,
   "star_score": 10,
   "document": "이병헌씨 연기력이 대단해요줄거리도 탄탄하고 너무 감동 받았읍니다",
   "label": 1
 },
 {
   "movie_Seq": 6,
   "review_seq": 3,
   "star_score": 10,
   "document": "정말재밌다커다란 감동에다 잔잔한 웃음들까지완벽하다",
   "label": 1
 },
 {
   "movie_Seq": 6,
   "review_seq": 4,
   "star_score": 10,
   "document": "소름쫙 번을 봐도 영화가 전달해주고픈 메세지와 그 영화 자체에 소름이 끼친다 정말 남녀노소 봐야될 대표한국영화",
   "label": 1
 },
 {
   "movie_Seq": 6,
   "review_seq": 5,
   "star_score": 10,
   "document": "이병헌의 목소리는 정말 하늘이 내려준듯 하다웃음과 감동을 모두 잡은 영화인듯",
   "label": 1
 },
 {
   "movie_Seq": 6,
   "review_seq": 6,
   "star_score": 10,
   "document": "천만이 부끄럽지않은 영화가 여기있네 웃다가 울다가 이런게 영화가 아닐지",
   "label": 1
 },
 {
   "movie_Seq": 6,
   "review_seq": 7,
   "star_score": 10,
   "document": "백성을 하늘처럼 섬기는 왕 진정 그것이 그대가 꿈꾸는 왕이라면 그 꿈 내가 이루어드리리다",
   "label": 1
 },
 {
   "movie_Seq": 6,
   "review_seq": 8,
   "star_score": 10,
   "document": "진심 최고의 영화다 정말 별 점",
   "label": 1
 },
 {
   "movie_Seq": 6,
   "review_seq": 9,
   "star_score": 10,
   "document": "우리가광해에열광하는이유는우리가바라는지배층의모습이여기에담겨져잇기때문이다",
   "label": 1
 },
 {
   "movie_Seq": 6,
   "review_seq": 10,
   "star_score": 10,
   "document": "베를린따위같은헐리우드아류작보다는 광해가 오천만배는 나은듯영화속 광해같은지도자는 과연영화속에서만존재할수밖에없는것인가 ㅠㅠ",
   "label": 1
 },
 {
   "movie_Seq": 6,
   "review_seq": 11,
   "star_score": 9,
   "document": "일 동안 비었던 승정원 일기를 그렇게 상상해내신감독님이 참 대단하시다는 생각이 듭니다 그리고 배우 이병헌 씨의 인 역 연기가 어색함이 전혀 없었습니다 이런 영화를 보게 해주셔서 감사합니다",
   "label": 1
 },
 {
   "movie_Seq": 6,
   "review_seq": 12,
   "star_score": 10,
   "document": "한효주 진정 아름답게 나온더라",
   "label": 1
 },
 {
   "movie_Seq": 6,
   "review_seq": 13,
   "star_score": 10,
   "document": "역대 한국 영화 중 가장 재밌었다",
   "label": 1
 },
 {
   "movie_Seq": 6,
   "review_seq": 14,
   "star_score": 10,
   "document": "말이 필요없다 전형적이 스토리를 이병헌이 뒤집어 놓았다",
   "label": 1
 },
 {
   "movie_Seq": 6,
   "review_seq": 15,
   "star_score": 10,
   "document": "백문불여일견",
   "label": 1
 },
 {
   "movie_Seq": 6,
   "review_seq": 16,
   "star_score": 10,
   "document": "최고다 진심",
   "label": 1
 },
 {
   "movie_Seq": 6,
   "review_seq": 17,
   "star_score": 8,
   "document": "나는 이런 왕을 원한다",
   "label": 1
 },
 {
   "movie_Seq": 6,
   "review_seq": 18,
   "star_score": 10,
   "document": "이 시대가 원하는 진정한 영화다 서민적이지만 천하지 않은 왕 냉철하지 않지만 지혜로운 왕",
   "label": 1
 },
 {
   "movie_Seq": 6,
   "review_seq": 19,
   "star_score": 10,
   "document": "최고의영화최고의연기자이병헌",
   "label": 1
 },
 {
   "movie_Seq": 6,
   "review_seq": 20,
   "star_score": 10,
   "document": "섬김",
   "label": 1
 },
 {
   "movie_Seq": 6,
   "review_seq": 21,
   "star_score": 10,
   "document": "천만을 괜히 넘은게 아님",
   "label": 1
 },
 {
   "movie_Seq": 6,
   "review_seq": 22,
   "star_score": 10,
   "document": "천만 이유가 있네 번방보다 훨씬 백배천배 낫다번방은 스마트폰의 위력으로 만들어낸 천만이지 스토리는 그닥 별로임",
   "label": 1
 },
 {
   "movie_Seq": 6,
   "review_seq": 23,
   "star_score": 10,
   "document": "인역을하는데도 완벽한연기로혼란이오지않았어요 최고입니다",
   "label": 1
 },
 {
   "movie_Seq": 6,
   "review_seq": 24,
   "star_score": 10,
   "document": "이병헌이 바람둥이 일지라도 이 영화는 내 인생영화다",
   "label": 1
 },
 {
   "movie_Seq": 6,
   "review_seq": 25,
   "star_score": 10,
   "document": "내생에 최고의 영화",
   "label": 1
 },
 {
   "movie_Seq": 6,
   "review_seq": 26,
   "star_score": 10,
   "document": "나는 왕이로소이다를 먼저 봐서 대충 광해의 스토리를 들었을 때 어떤 점이 다를것인가 하는 궁금증이 있었다 광해를 보고난 후 아예 다른 이야기라는 것을 알았고 마지막에 도부장이 자신의 왕을 지킨 것 배를 타고 갈",
   "label": 1
 },
 {
   "movie_Seq": 6,
   "review_seq": 27,
   "star_score": 9,
   "document": "후아 눈물을 주체할 수가 없다 간단한 플롯임에도 하고싶은 이야기를 다 녹여낸 극본과 관객을 쥐락펴락 하는 주연 세명의 연기 그리고 적절한 위트와 긴장감 감정을 끌어올리는 연출솜씨는 기립박수 감이다 우리도 ",
   "label": 1
 },
 {
   "movie_Seq": 6,
   "review_seq": 28,
   "star_score": 10,
   "document": "당연한 대사와 상황임에도 영화 자체에 압도 당하고 눈물을 흘리게 만든다",
   "label": 1
 },
 {
   "movie_Seq": 6,
   "review_seq": 29,
   "star_score": 10,
   "document": "정말 멋진 영화네요 김인권이라는 배우가 멋있게 느껴지기는 처음입니다",
   "label": 1
 },
 {
   "movie_Seq": 6,
   "review_seq": 30,
   "star_score": 10,
   "document": "배우의 사생활때문에 영화가 저평가되는건 원치않다 최고의 연기최고의 연출최고의 스토리다",
   "label": 1
 },
 {
   "movie_Seq": 6,
   "review_seq": 31,
   "star_score": 10,
   "document": "극장에서 재밌게 봤었는데 에서 하는거 다시 보니깐에서 하는건 편집을 해서 여러장면들이 빠졌네에서 편집을 대체 왜 한건지 이해가 안됨",
   "label": 1
 },
 {
   "movie_Seq": 6,
   "review_seq": 32,
   "star_score": 10,
   "document": "두번봐도 울수밖에없는영화",
   "label": 1
 },
 {
   "movie_Seq": 6,
   "review_seq": 33,
   "star_score": 9,
   "document": "관상으로 인해 다시 보게되는 영화엿다관상은 주연급배우여럿을가지고 흐름을 움직엿다면광해는 이병헌하나로 모든것을이끌어나갔다관상에 대한 사람들의 평은 광해를 본 이후로 안좋아진다 아쉬울 뿐이지만 광해는 사극픽션영화중 최",
   "label": 1
 },
 {
   "movie_Seq": 6,
   "review_seq": 34,
   "star_score": 9,
   "document": "가짜왕이 진정한 백성의 왕이네 굿입니다",
   "label": 1
 },
 {
   "movie_Seq": 6,
   "review_seq": 35,
   "star_score": 10,
   "document": "꿀",
   "label": 1
 },
 {
   "movie_Seq": 6,
   "review_seq": 36,
   "star_score": 10,
   "document": "역사를 다시 생각해 볼 수 있었던 좋은 기회였고 이병헌을 다시 볼 수 있었으며 감동적이고 탄탄한 영화다",
   "label": 1
 },
 {
   "movie_Seq": 6,
   "review_seq": 37,
   "star_score": 10,
   "document": "영화는 전문가들처럼 객관적으로 평가하지 않고 관객들에게 감동을 주는 것이 진짜 명작이다",
   "label": 1
 },
 {
   "movie_Seq": 6,
   "review_seq": 38,
   "star_score": 10,
   "document": "정말 많은 것을 깨우쳐주는 영화가 아닌가 싶습니다탄탄한 스토리와 역사를 소재로 햇다는 점거기에 배우들의 뛰어난 연기력까지 더해져 시간가는줄 몰랏네요 아주 잘봤습니다",
   "label": 1
 },
 {
   "movie_Seq": 6,
   "review_seq": 39,
   "star_score": 10,
   "document": "이병헌의 연기가 돋보임 깨알같은 재미도 있음",
   "label": 1
 },
 {
   "movie_Seq": 6,
   "review_seq": 40,
   "star_score": 10,
   "document": "진정한 사극이다",
   "label": 1
 },
 {
   "movie_Seq": 6,
   "review_seq": 41,
   "star_score": 10,
   "document": "와 이병헌 진짜 장난아니네 눈물난다",
   "label": 1
 },
 {
   "movie_Seq": 6,
   "review_seq": 42,
   "star_score": 10,
   "document": "작품성 굉장하다 보는내내 재미도있었고 흥미도있었다",
   "label": 1
 },
 {
   "movie_Seq": 6,
   "review_seq": 43,
   "star_score": 10,
   "document": "솔직히 전 사극 별로라 별 흥미 없이 봤는데계속 집중하면서 보게되었습니다  이 영화로 이병헌씨 팬도 되었구요 ㅋㅋ",
   "label": 1
 },
 {
   "movie_Seq": 6,
   "review_seq": 44,
   "star_score": 10,
   "document": "사극물 정치적인 내용 보기 싫어서 일부러 안보다가 이제야 봤네요 굿굿굿 이병헌씨 연기 좋네요 한효주님 이쁘시네요",
   "label": 1
 },
 {
   "movie_Seq": 6,
   "review_seq": 45,
   "star_score": 9,
   "document": "중동고 회 이병헌 화이팅 회 후배가",
   "label": 1
 },
 {
   "movie_Seq": 6,
   "review_seq": 46,
   "star_score": 10,
   "document": "이병헌 연기 미친듯 ㅋㅋ",
   "label": 1
 },
 {
   "movie_Seq": 6,
   "review_seq": 47,
   "star_score": 9,
   "document": "고루한 사극에 현대식 유머를 더하다 최고의 몰입도",
   "label": 1
 },
 {
   "movie_Seq": 6,
   "review_seq": 48,
   "star_score": 10,
   "document": "웃음과 감동이 조화를 이룬 영화 사극을 좋아하지 않는 이더라도 가슴 깊이 깨달을 수 있는 영화",
   "label": 1
 },
 {
   "movie_Seq": 6,
   "review_seq": 49,
   "star_score": 10,
   "document": "역시 다시봐도 감동입니다제가 이 영화를 보고나서 이병헌님의 완전한 팬이 됐습니다ㅠ",
   "label": 1
 },
 {
   "movie_Seq": 6,
   "review_seq": 50,
   "star_score": 10,
   "document": "이제야 봤는데 과연 천만영화의 가치가 있군요",
   "label": 1
 }
]