[
 {
   "movie_seq": 10,
   "review_seq": 0,
   "star_score": 8,
   "document": "나 또한 누군가의 사람 사는 냄새에 얼굴 찌푸리진 않았었나",
   "label": 1
 },
 {
   "movie_seq": 10,
   "review_seq": 1,
   "star_score": 10,
   "document": "누군가는 집을 잃고 모든 재산을 잃는 어마어마한 홍수가누구에게는 그저 그 다음날 미세먼지가 없게 해주는 집의 정원을 운치있게 만들어주는 장치일 뿐",
   "label": 1
 },
 {
   "movie_seq": 10,
   "review_seq": 2,
   "star_score": 10,
   "document": "시나리오 연출 배우 모두 좋았다소름끼치게",
   "label": 1
 },
 {
   "movie_seq": 10,
   "review_seq": 3,
   "star_score": 10,
   "document": "자조적인 웃음과 눈물이 난다 영화가 끝나고도 이어지는 씁쓸한 뒷맛",
   "label": 1
 },
 {
   "movie_seq": 10,
   "review_seq": 4,
   "star_score": 10,
   "document": "부자들도 기쁨과 슬픔과 사랑과 두려움을 느낀다 부자들은 의외로 순진무구하고 그들의 폭력에는 악의가 없다 빈부격차의 폭력성은 이토록 잔혹하다",
   "label": 1
 },
 {
   "movie_seq": 10,
   "review_seq": 5,
   "star_score": 10,
   "document": "인터폰에 이정은이 등장한 순간부터 장르가 바뀐다",
   "label": 1
 },
 {
   "movie_seq": 10,
   "review_seq": 6,
   "star_score": 10,
   "document": "특별히 미워하고 증오할만한 악인이 한명도 없기에 더욱 답답하고 우울했던 영화 세상의 불평등 자체가 인간의 본성에 의한 숙명이라고 말하는것 같았기에",
   "label": 1
 },
 {
   "movie_seq": 10,
   "review_seq": 7,
   "star_score": 10,
   "document": "말이 필요없는 영화 모두 꼭 한번쯤은 봐야할법한 영화입니다 그리고 조여정이 개인적으로 크게 한껀 한것같습니다",
   "label": 1
 },
 {
   "movie_seq": 10,
   "review_seq": 8,
   "star_score": 10,
   "document": "금방 보고 나왔는데봉준호감독 영화인데 왜 박찬욱감독 영화를 본 느낌이지어쨌든 최고다 봉드로 역시 천재이정은님 연기상 줘야한다 진짜",
   "label": 1
 },
 {
   "movie_seq": 10,
   "review_seq": 9,
   "star_score": 10,
   "document": "충격과 공포 절대 스포당하지 마세요",
   "label": 1
 },
 {
   "movie_seq": 10,
   "review_seq": 10,
   "star_score": 10,
   "document": "영화가 끝나고 집으로 돌아왔다 지하철을 타고",
   "label": 1
 },
 {
   "movie_seq": 10,
   "review_seq": 11,
   "star_score": 10,
   "document": "노플랜 노계획 우리인생은 계획대로 안된다는 말이 와닿았습니다",
   "label": 1
 },
 {
   "movie_seq": 10,
   "review_seq": 12,
   "star_score": 10,
   "document": "다수의 관객들이 나는 박사장의 계층도 기택의 반지하 계층에도 들지는 않는다고 안도할 수 있을까요 우리는 모두 나보다 낮은 계층의 사람들을 향해 냄새가 난다고 속으로 깔보는 두 얼굴을 가진 건 아",
   "label": 1
 },
 {
   "movie_seq": 10,
   "review_seq": 13,
   "star_score": 9,
   "document": "인정하기 싫지만 현대의 계급 사회를 조명",
   "label": 1
 },
 {
   "movie_seq": 10,
   "review_seq": 14,
   "star_score": 10,
   "document": "마지막 기우의 아버지 전 계획을 세웠습니다하는 대사가 오래도록여운에 남을 것 같습니다 계획 없이 사는 아버지와 식구들 그 속에서 나름대로 나은 미래를 계획하는 기우 시대의 초상을 적나라하고",
   "label": 1
 },
 {
   "movie_seq": 10,
   "review_seq": 15,
   "star_score": 10,
   "document": "가진 자들은 가지지 못한 자들에 대해 예의라는 거리 두기 실은 경멸과 두려움 가지지 못한 자들은 가진 자들에 대한 존경이라는 다가가기 실은 비아냥과 질투 계층간의 불쾌한 술래잡기",
   "label": 1
 },
 {
   "movie_seq": 10,
   "review_seq": 16,
   "star_score": 9,
   "document": "보는 내내 제목을 너무 잘 지었다는 생각이 들었다 좋았던 영화",
   "label": 1
 },
 {
   "movie_seq": 10,
   "review_seq": 17,
   "star_score": 10,
   "document": "조조관람 후 내내 가슴이 아프네요 우리의 현실 너무 어려운 질문을 던져주신 봉 감독님",
   "label": 1
 },
 {
   "movie_seq": 10,
   "review_seq": 18,
   "star_score": 1,
   "document": "이게 계급사회의 현실을 반영한 영화라고 충분히 일 할 수 있는 상황에서 무력하게 걱정만 하고 지내다 사기와 술수로 편안하게 한몫 챙기고자 한 그리고 결국은 아무 잘못 없는 한 가정을 파괴해버린 이 가정의 모습으",
   "label": 0
 },
 {
   "movie_seq": 10,
   "review_seq": 19,
   "star_score": 8,
   "document": "근데이게왜세ㄷㄷ걸어야됨",
   "label": 1
 },
 {
   "movie_seq": 10,
   "review_seq": 20,
   "star_score": 10,
   "document": "누구나 기분나쁜영화",
   "label": 1
 },
 {
   "movie_seq": 10,
   "review_seq": 21,
   "star_score": 6,
   "document": "영화제는 충격을 좋아하는 것 같다 재밌고 신선하긴 한데 설국열차 못지않게 가슴을 많이 짓누른다 빈부격차에 대한 표현이 너무 우울하고 극단적이라 불편했다",
   "label": 0
 },
 {
   "movie_seq": 10,
   "review_seq": 22,
   "star_score": 10,
   "document": "그럼에도 계획을 세우게 만드는 영화",
   "label": 1
 },
 {
   "movie_seq": 10,
   "review_seq": 23,
   "star_score": 8,
   "document": "영화 보고 나서 내가 기생충인가 생각했음 재미보다는 씁쓸한 기분",
   "label": 1
 },
 {
   "movie_seq": 10,
   "review_seq": 24,
   "star_score": 10,
   "document": "뭔가 처음보는 선물 상자에서 생각지도 못한 멋진 물건들이 계속계속 짜잔 짜잔 하면서 나오는 느낌이랄까그냥 미쳤다라는 말밖에 안나온다꼭 보세요미쳤다 진짜 와",
   "label": 1
 },
 {
   "movie_seq": 10,
   "review_seq": 25,
   "star_score": 10,
   "document": "정말 충격적인 영화 정말 장르가 봉준호라는 말이 딱이다",
   "label": 1
 },
 {
   "movie_seq": 10,
   "review_seq": 26,
   "star_score": 10,
   "document": "오묘한 영화 세 관람이여야할듯",
   "label": 1
 },
 {
   "movie_seq": 10,
   "review_seq": 27,
   "star_score": 10,
   "document": "왜 상 받았는지 알 수 있는영화 가볍게 오락성으로 볼만한 영화는 아닌듯합니다",
   "label": 1
 },
 {
   "movie_seq": 10,
   "review_seq": 28,
   "star_score": 9,
   "document": "왜 칸느가 손을 들어줬는지 충분히 이해가 되는 영화 작년 어느가족 보다 ㅤㅊㅝㄹ씬 메시지와 퀄리티 연출력이 출중하다 봉준호 감독만이 펼칠수 있는 봉준호 감독만의 스타일이라 할수 있음 반전도 좋고 특히 ",
   "label": 1
 },
 {
   "movie_seq": 10,
   "review_seq": 29,
   "star_score": 6,
   "document": "정말로 그들에게 계급 상승의 사다리는 없었는가 가능성은 있었지만 그들이 스스로 발로 걷어차버린게 아닌가 정당한 노력이 아닌 부당한 방법으로 자리를 차지하고 기생하는 것 계층의 사다리는 그런 자들에게 내려오지 않",
   "label": 0
 },
 {
   "movie_seq": 10,
   "review_seq": 30,
   "star_score": 6,
   "document": "등급조정 진짜 필요해보임",
   "label": 0
 },
 {
   "movie_seq": 10,
   "review_seq": 31,
   "star_score": 2,
   "document": "야한장면과 잔인한 장면이 많은데 어째서 금이 아닌건가요 금이란 사실에 놀랐습니다",
   "label": 0
 },
 {
   "movie_seq": 10,
   "review_seq": 32,
   "star_score": 8,
   "document": "등급조정이 필요합니다세에게 마약 욕 약간의 금 흉기 넘 자극적입니다",
   "label": 1
 },
 {
   "movie_seq": 10,
   "review_seq": 33,
   "star_score": 10,
   "document": "똥구정물이 역류하는 변기 뚜껑 위로 눌러 앉아 담배를 찾아 피우는 박소담의 표정이 내내 잊혀지지 않음",
   "label": 1
 },
 {
   "movie_seq": 10,
   "review_seq": 34,
   "star_score": 6,
   "document": "봉준호의 선민의식이 잔뜩 들어간 영화 조부그리고 부모까지 대대로 금수저 감독이 가난을 우아하게 희화하며 조롱한 영화",
   "label": 0
 },
 {
   "movie_seq": 10,
   "review_seq": 35,
   "star_score": 2,
   "document": "보고나서 기뷴이 안좋다 꼭 가난을 그렇게 표현해야 했을까",
   "label": 0
 },
 {
   "movie_seq": 10,
   "review_seq": 36,
   "star_score": 2,
   "document": "그냥 가난한 사람들이 범죄 저지른 영화인데 빈부격차니 뭐니 잘 이해하기 힘들었다 장면 하나하나 서로 결부시켜 이해하려했는데그냥 영화를 보는 내내 불쾌함이라던가 슬픔이라던가 신기하게도 하나도 느껴지지않았다",
   "label": 0
 },
 {
   "movie_seq": 10,
   "review_seq": 37,
   "star_score": 1,
   "document": "등급조정이 필요할듯 말로 형용할 수 없는 불쾌함이 남는 영화",
   "label": 0
 },
 {
   "movie_seq": 10,
   "review_seq": 38,
   "star_score": 2,
   "document": "노력하지 않고 남을 속이려는 사람들이 가난한 사람들로 그려져서 싫었다 실제로는 부자들이 더 그런것 같은데 말이다 가난해도 열심히 노력하며 행복하게 사는 사람들이 더 많다 그런 사람들이 영화의 주인공이어야지 ",
   "label": 0
 },
 {
   "movie_seq": 10,
   "review_seq": 39,
   "star_score": 10,
   "document": "한치의 희망도 없는 영화가 내 현실로 녹아들다",
   "label": 1
 },
 {
   "movie_seq": 10,
   "review_seq": 40,
   "star_score": 1,
   "document": "계급에대한 불편함이 아니라 민폐가족 보기 짜증나서 뛰쳐나가고 싶었음 절대 절대 두번은 보기 싫은 영화",
   "label": 0
 },
 {
   "movie_seq": 10,
   "review_seq": 41,
   "star_score": 8,
   "document": "딸과 같이 봤는데 뇌를 씻고 싶다는 충격적인 이야기에 할 말을 잃었다 청소년 관람가는 조정이 필요할 듯 보인다",
   "label": 1
 },
 {
   "movie_seq": 10,
   "review_seq": 42,
   "star_score": 8,
   "document": "이건 세다 아들과봤음 클날뻔",
   "label": 1
 },
 {
   "movie_seq": 10,
   "review_seq": 43,
   "star_score": 8,
   "document": "봉감독에게 박찬욱의 냄새가 난다",
   "label": 1
 },
 {
   "movie_seq": 10,
   "review_seq": 44,
   "star_score": 2,
   "document": "기분나빠지는 영화 우울해지는영화",
   "label": 0
 },
 {
   "movie_seq": 10,
   "review_seq": 45,
   "star_score": 10,
   "document": "이제껏 쌓아 왔던 봉준호 감독의 필모그래피가 폭발하는 영화",
   "label": 1
 },
 {
   "movie_seq": 10,
   "review_seq": 46,
   "star_score": 10,
   "document": "피자박스 접을 때가 행복했다",
   "label": 1
 },
 {
   "movie_seq": 10,
   "review_seq": 47,
   "star_score": 6,
   "document": "음 상을 탈 만한 작품인가",
   "label": 0
 },
 {
   "movie_seq": 10,
   "review_seq": 48,
   "star_score": 1,
   "document": "본 영화 중에 최악이다작위적으로 만든 빈자들의 삶너무 인공적이여서 감정이입이 안되엇음",
   "label": 0
 },
 {
   "movie_seq": 10,
   "review_seq": 49,
   "star_score": 1,
   "document": "별로였음 취향이아님 잔인하고 찝찝 불쾌",
   "label": 0
 },
 {
   "movie_seq": 10,
   "review_seq": 50,
   "star_score": 6,
   "document": "저는 별로엿습니다",
   "label": 0
 }
]