[
 {
   "movie_seq": 7,
   "review_seq": 0,
   "star_score": 10,
   "document": "네 잘못이 아니야",
   "label": 1
 },
 {
   "movie_seq": 7,
   "review_seq": 1,
   "star_score": 10,
   "document": "주인공 친구 놈이 가장 멋졌음",
   "label": 1
 },
 {
   "movie_seq": 7,
   "review_seq": 2,
   "star_score": 10,
   "document": "밴 애플렉이 내 생애 최고의 날이 언제인줄아냐는 대화에서 정말 짠했음",
   "label": 1
 },
 {
   "movie_seq": 7,
   "review_seq": 3,
   "star_score": 8,
   "document": "한 사람의 인생에 니 잘못이 아니야라고 상처를 안아주는 선생님 내 인생 최고의 날이 언제인줄 아냐는 친구놈과 열지못하는 마음 앞에 사랑한다고 먼저 말해줄 수 있",
   "label": 1
 },
 {
   "movie_seq": 7,
   "review_seq": 4,
   "star_score": 9,
   "document": "충고보다는 위로가 필요할때",
   "label": 1
 },
 {
   "movie_seq": 7,
   "review_seq": 5,
   "star_score": 9,
   "document": "요즘은 좀처럼 찾아보기 힘든 좋은영화",
   "label": 1
 },
 {
   "movie_seq": 7,
   "review_seq": 6,
   "star_score": 10,
   "document": "인생 최고의 영화에요 덕분에 공부에 재미와 동기가 생겼었구요 다시보니 멧 데이먼의 풋풋함에 설레네요",
   "label": 1
 },
 {
   "movie_seq": 7,
   "review_seq": 7,
   "star_score": 10,
   "document": "남부 보스턴 특유의 분위기가 너무나도 예술적으로 표현해냈다 엘리엇 스미스를 있게 해준 영화연출각본연기 등 이렇게나 완벽한 영화는 드물다",
   "label": 1
 },
 {
   "movie_seq": 7,
   "review_seq": 8,
   "star_score": 10,
   "document": "정말 가치가있는영화다그리고 이걸 이해할수있는 사람만 보길 권장한다 감동이있다이런걸떠나서 정말 사람의본성과 오만함등을 스토리에넣어 좋은ㅤㄲㅒㅤ달음과 재미를주었다 진짜 꼭봐야할영화중 하나다",
   "label": 1
 },
 {
   "movie_seq": 7,
   "review_seq": 9,
   "star_score": 8,
   "document": "천재적인 재능도 물론 좋겠지만 숀같은 인생의 멘토가 있다면 ㅠㅠ암튼 배우들의 연기가 훌륭했음",
   "label": 1
 },
 {
   "movie_seq": 7,
   "review_seq": 10,
   "star_score": 9,
   "document": "친구 진짜 멋있다 윌이 떠났을때 뭔가 시원섭섭한 표정공감간다",
   "label": 1
 },
 {
   "movie_seq": 7,
   "review_seq": 11,
   "star_score": 10,
   "document": "    여기서 왜 이렇게 눈물이 났는지",
   "label": 1
 },
 {
   "movie_seq": 7,
   "review_seq": 12,
   "star_score": 10,
   "document": "편히 잠드세요 당신은 영화속에서 계속 숨쉴거에요",
   "label": 1
 },
 {
   "movie_seq": 7,
   "review_seq": 13,
   "star_score": 9,
   "document": "진짜 알콜중독자들 세상에서 사라져야될 악의 존재들 사람인생을 망침 진짜 법으로 알콜중독자들 수감좀 시켜버려라 사회 악 가정의 악이다",
   "label": 1
 },
 {
   "movie_seq": 7,
   "review_seq": 14,
   "star_score": 9,
   "document": "두렵다고 자꾸 피하기만 하면 될것은 아무것도 없다 삶이 힘들때 나를 이끌어 줄 수 있는 스승 술한잔하며 내 이야기를 전부 털어놓을 수 있는 친구 나를 사랑해주는 사람이 있다면 힘든 이세상을 살아가는데 좀 더 ",
   "label": 1
 },
 {
   "movie_seq": 7,
   "review_seq": 15,
   "star_score": 10,
   "document": "가벼운책과 천년고전의 차이는 세월이 지나면서 읽을때마다 그 감회가 새롭고 느끼는 바가 달라지기 ㅤㄸㅒㅤ문이다 이 영화도 그러하다 대대대 다른시간다른경험을 토대로 보기에 그 느낌은 확연히 달라지지만",
   "label": 1
 },
 {
   "movie_seq": 7,
   "review_seq": 16,
   "star_score": 10,
   "document": "다시봐도 감동의 물결 그 자체입니다삶이 권태로울때나 슬럼프에 빠졌을때 다시 보면 좋을 그런영화입니다",
   "label": 1
 },
 {
   "movie_seq": 7,
   "review_seq": 17,
   "star_score": 10,
   "document": "내가 옳은 길을 걷고 있다 생각이 들면 과거의 조언자가 있었기에 가능했던 것",
   "label": 1
 },
 {
   "movie_seq": 7,
   "review_seq": 18,
   "star_score": 10,
   "document": "대사 하나하나가 모두 명언이다",
   "label": 1
 },
 {
   "movie_seq": 7,
   "review_seq": 19,
   "star_score": 10,
   "document": "년대의 위대한 작품들 중 하나청소년기를 끝내가는 시기의 모든 젊은이들에게 권하고 싶다",
   "label": 1
 },
 {
   "movie_seq": 7,
   "review_seq": 20,
   "star_score": 10,
   "document": "그 아인 사람들이 자길 떠나기 전에 먼저 떠나게 하고 있어라는 말이 공감이 갔던 나를 돌아보게 하는 영화였습니다 ",
   "label": 1
 },
 {
   "movie_seq": 7,
   "review_seq": 21,
   "star_score": 10,
   "document": "처키의 역할이 정말 멋지다",
   "label": 1
 },
 {
   "movie_seq": 7,
   "review_seq": 22,
   "star_score": 10,
   "document": "세상의 그어떤 어려운것을 알고있어도 경험하지못한것에 병아이처럼 울어대던 녀석이 숙연해지는것처럼 겸손함이란 아는것을 뛰어넘는 힘아닐까 한발 멀리서 지켜봐준 치료법 덕분에 헌팅의 가슴을 울렸던것 같다",
   "label": 1
 },
 {
   "movie_seq": 7,
   "review_seq": 23,
   "star_score": 10,
   "document": "별이 무한히 허용되면 만개라도 찍고싶어요인생영화 내인생 최고의 영화  로 동시에 등극했답니다혼자 본다면 더욱이 좋을것 같고 스크린을 통해 보는것을 추천합니다 배우들의 감정에 더 깊이 몰입할 수 있었어요",
   "label": 1
 },
 {
   "movie_seq": 7,
   "review_seq": 24,
   "star_score": 10,
   "document": "그를 추모하며다시보네요",
   "label": 1
 },
 {
   "movie_seq": 7,
   "review_seq": 25,
   "star_score": 10,
   "document": "아무도 갖지 못한 뛰어난 천재성보다도 더 소중한건 인간의 진실됨을 알려주는 영화",
   "label": 1
 },
 {
   "movie_seq": 7,
   "review_seq": 26,
   "star_score": 10,
   "document": "침착하면서도 분명한 태도로 그 사람을 이해하고 치유해주는 교수 그리고 진정한 친구로서 자신의 친구가 인생을 현명하게 개척해 나가길 바라는 그 마음이 정말 와닿네요",
   "label": 1
 },
 {
   "movie_seq": 7,
   "review_seq": 27,
   "star_score": 10,
   "document": "우리는 모두 가슴 한구석엔 상처를 다른 한구석엔 열정을 지니고 살아간다 이 영화의 등장인물들도 모두 그렇다 우리는 그것에 낙담할 필요가 없다 겁을 낼 필요도 두려워할 필요도 없다 그저 마음이 시키는대로 따",
   "label": 1
 },
 {
   "movie_seq": 7,
   "review_seq": 28,
   "star_score": 10,
   "document": "명작 중의 명작 이 영화를 본 게 자랑스럽다",
   "label": 1
 },
 {
   "movie_seq": 7,
   "review_seq": 29,
   "star_score": 10,
   "document": "네 잘못이 아니야",
   "label": 1
 },
 {
   "movie_seq": 7,
   "review_seq": 30,
   "star_score": 10,
   "document": "로빈 윌리엄을 또 다시 그립게 하네요",
   "label": 1
 },
 {
   "movie_seq": 7,
   "review_seq": 31,
   "star_score": 10,
   "document": "진짜 이때의맷데이먼은 나의이상형이다ㅜㅜ 연기도 훌륭했다영화속인물에 인생을 감상하면서 나에 인생도 돌아보게되는 그래서 현실에 깨달음과 새삼 주위의 감사함을 느낄수있었던 따뜻한영화",
   "label": 1
 },
 {
   "movie_seq": 7,
   "review_seq": 32,
   "star_score": 10,
   "document": "추천하고 싶은 영화 특히 어린시절 상처로 인해 자신의 세계에 갇혀있는 사람들에게",
   "label": 1
 },
 {
   "movie_seq": 7,
   "review_seq": 33,
   "star_score": 8,
   "document": "윌은 행운아다 대부분의 사람들은 천부적인 재능울 타고나지 않았고 나를 바른 길로 인도해줄 스승을 얻기도 힘드며 무엇보다 나를 진정으로 알아주는 친구를 만나기 힘들기 때문이다",
   "label": 1
 },
 {
   "movie_seq": 7,
   "review_seq": 34,
   "star_score": 10,
   "document": "   그당시 내 상황과 맞아서 더욱 감동적으로 다가왔던 대사 명작은 시간이 오래지나도 명작이네요",
   "label": 1
 },
 {
   "movie_seq": 7,
   "review_seq": 35,
   "star_score": 10,
   "document": "굿 윌 헌팅 또 다시 보고싶은 영화",
   "label": 1
 },
 {
   "movie_seq": 7,
   "review_seq": 36,
   "star_score": 10,
   "document": "나는 내가 무엇을 하고 싶은지 알고 있는가 멧 데이먼처럼 핑계를 대지만 나 역시 드러날 치부가 두려워 사람을 피하는 것이 아닌가 내가 벤 에플릭이라면 그와 같은 친구가 될 수 있을까 여러모로 생각이 많아지",
   "label": 1
 },
 {
   "movie_seq": 7,
   "review_seq": 37,
   "star_score": 10,
   "document": "로빈 윌리엄스 영화는 정말 하나같이 명작우리 할아버지였음 좋겟다ㅠㅠ",
   "label": 1
 },
 {
   "movie_seq": 7,
   "review_seq": 38,
   "star_score": 10,
   "document": "위로가 되는 영화였습니다",
   "label": 1
 },
 {
   "movie_seq": 7,
   "review_seq": 39,
   "star_score": 8,
   "document": "재능을 펼치길 원했던 교수 온전한 그 사람 자체를 봐주고 상처를 안아준 교수 무심한 듯 충고해주는 친구 널 돕고 싶다며 사랑한다고 외치는 애인 방식이 달랐을 뿐 모두 윌을 진정으로 아끼고 사랑했던 사람들이었다",
   "label": 1
 },
 {
   "movie_seq": 7,
   "review_seq": 40,
   "star_score": 10,
   "document": "잘가요 로빈 덕분에 여러번 위로가 ㅤㄷㅚㅆ어요 감사합니다",
   "label": 1
 },
 {
   "movie_seq": 7,
   "review_seq": 41,
   "star_score": 10,
   "document": "벤에플렉이 한말기억에 아직도남는다너의집에가기 초전이 가장두근거린다",
   "label": 1
 },
 {
   "movie_seq": 7,
   "review_seq": 42,
   "star_score": 9,
   "document": "인생을 살며 만나게 될 인연들 그 중 어떤 인연은 우리에게 놀라운 가능성을 가져다 줄지도 모른다",
   "label": 1
 },
 {
   "movie_seq": 7,
   "review_seq": 43,
   "star_score": 10,
   "document": "상처를 겪어본 자만이 진정으로 위로할 수 있다 주연 조연 한명까지도 멋진 영화",
   "label": 1
 },
 {
   "movie_seq": 7,
   "review_seq": 44,
   "star_score": 10,
   "document": "아무리 당신에게 중요한 일이더라도 당신의 인생을 바꿀만한 사람보단 중요치 않다",
   "label": 1
 },
 {
   "movie_seq": 7,
   "review_seq": 45,
   "star_score": 9,
   "document": "누굴 만나느냐가 중요한 듯",
   "label": 1
 },
 {
   "movie_seq": 7,
   "review_seq": 46,
   "star_score": 10,
   "document": "마음을 울리는 영화 마음의 문을 닫은 사람과 소통하는 방법을 알려주는 명작이다",
   "label": 1
 },
 {
   "movie_seq": 7,
   "review_seq": 47,
   "star_score": 10,
   "document": "내 나이  굿윌헌팅 조금이라도 더 일찍 봤었어야 했을 영화임에 틀림없다 겉으로 표현까진 아니겠지만 분명 영화를 본 후의 나는 조금 아주 약간의 조금이라도 바뀌어져있다",
   "label": 1
 },
 {
   "movie_seq": 7,
   "review_seq": 48,
   "star_score": 10,
   "document": "인생에서 중요한건 명예돈 등이 아니라 자기가 진정으로 원하는걸 하는것",
   "label": 1
 },
 {
   "movie_seq": 7,
   "review_seq": 49,
   "star_score": 10,
   "document": "우리가 살면서 몇 번의 정리가필요할때곁에두고 보고싶은 영화오래오래 기억하고픈 영화",
   "label": 1
 },
 {
   "movie_seq": 7,
   "review_seq": 50,
   "star_score": 10,
   "document": "이십 년이 지났는데도 네가 내 옆에서 지금처럼 똑같이 이렇게 지내고 있으면 난 널 죽여버릴 거야 내 인생 최고의 날이 언젠줄 아냐 네가 안녕이란 인사도 없이 훌쩍 떠나버렸을 때 내가 니 집 문을 두드렸는데 거기",
   "label": 1
 }
]