[
 {
   "movie_seq": 8,
   "review_seq": 0,
   "star_score": 8,
   "document": "어려울거면 이렇게 어려워라",
   "label": 1
 },
 {
   "movie_seq": 8,
   "review_seq": 1,
   "star_score": 6,
   "document": "신화적이고 매혹적인 화면들 그러나 이해 어려운 알레고리의 반복 무슨 의미인지 이해하기 어렵지만 그리 지루하지 않은게 신기하다 고귀한 출생 시련 도피 복귀후 위업의 완성이라는 전형적인 영웅물의 전형적인 스",
   "label": 0
 },
 {
   "movie_seq": 8,
   "review_seq": 2,
   "star_score": 8,
   "document": "스스럼없이 자신의 목을 내주고 인류가 목을 내주러 오기까지 앉아서 기다리는 자연의 비정함",
   "label": 1
 },
 {
   "movie_seq": 8,
   "review_seq": 3,
   "star_score": 6,
   "document": "활극을 생각하고 보러 가면 안돼요 일반관람객보다는 평론가픽 영화",
   "label": 0
 },
 {
   "movie_seq": 8,
   "review_seq": 4,
   "star_score": 7,
   "document": "한가지 도덕적인 질문 자체에만 집중하여 감상할 때에만 의미를 가지는 영화 인과 관계나 순차적으로 정리되어 흐르는 스토리에 대한 기대를 버리고 봐야 하는 영화 그린나이트의 스토리가 궁금하다면 전작이나 참고 자료를",
   "label": 1
 },
 {
   "movie_seq": 8,
   "review_seq": 5,
   "star_score": 10,
   "document": "기대 이상의 영상미와 스케일",
   "label": 1
 },
 {
   "movie_seq": 8,
   "review_seq": 6,
   "star_score": 10,
   "document": "보면 볼수록 곱씹고 빠져들게 만드는 마력",
   "label": 1
 },
 {
   "movie_seq": 8,
   "review_seq": 7,
   "star_score": 3,
   "document": "평론가만 좋아할 영화 불친절하고 비상업적이며 난해하다 마치 줄거리를 추상적인 과도로 난잡하게 마구 찢어놓고 퍼즐을 맞춰가라 인 줄 알았으나 이도 저도 아니게 된 따라가는 걸 포기했다 그래 지극히 취",
   "label": 0
 },
 {
   "movie_seq": 8,
   "review_seq": 8,
   "star_score": 8,
   "document": "하도 뜸 들여서 한번 봐준다",
   "label": 1
 },
 {
   "movie_seq": 8,
   "review_seq": 9,
   "star_score": 2,
   "document": "간만에 꿀잠 잤네 판타지적 연출을 이렇게나 속도감없이 지루하게 하고 전혀 어울리지 않은 음악또한 집중도를 계속 깨뜨리고 평단에서 높게 평가했다지만 나는 별로",
   "label": 0
 },
 {
   "movie_seq": 8,
   "review_seq": 10,
   "star_score": 1,
   "document": "ㅋ 영화 만들걸 생각해서 점준다 사실 점도 고민했다 안그러면 글을 못쓰니ㅋㅋ",
   "label": 0
 },
 {
   "movie_seq": 8,
   "review_seq": 11,
   "star_score": 10,
   "document": "명예 기사를 위해 나아가는 가웨인 분위기가 주는 압도적 경험이 대체로 몽환적인 영화",
   "label": 1
 },
 {
   "movie_seq": 8,
   "review_seq": 12,
   "star_score": 3,
   "document": "이걸 기대한 게 아닌데",
   "label": 0
 },
 {
   "movie_seq": 8,
   "review_seq": 13,
   "star_score": 10,
   "document": "처음엔 이게 뭔가 싶었는데 어느샌가 매료되어 차 뛰고 있는 나를 발견함",
   "label": 1
 },
 {
   "movie_seq": 8,
   "review_seq": 14,
   "star_score": 10,
   "document": "이런 큰 스케일 영화는 극장에서 봐야 제맛이지 비주얼팀이 아주 열일했네 영상미 하나로도 이미 대박임",
   "label": 1
 },
 {
   "movie_seq": 8,
   "review_seq": 15,
   "star_score": 2,
   "document": "최악 돈 시간 아깝 최악 돈 시간 아깝",
   "label": 0
 },
 {
   "movie_seq": 8,
   "review_seq": 16,
   "star_score": 2,
   "document": "솔직히 무슨 내용인지 모르겠음",
   "label": 0
 },
 {
   "movie_seq": 8,
   "review_seq": 17,
   "star_score": 8,
   "document": " 영화가 너무 껌껌해서 잘안보임 스토리는 가웨인과 녹색기사라는 옛 신화를 바탕으로 하는데 그 중에 뭔가 개연성이 떨어지는 요소들이 있다 스포라서 노코맨트 조금 더 친절한 떡밥회수가 되었다면 좋았을듯 가웨",
   "label": 1
 },
 {
   "movie_seq": 8,
   "review_seq": 18,
   "star_score": 10,
   "document": "고스트 스토리를 보고 놀랐는데 그린나이트를 보고 감독 이름을 외웠다",
   "label": 1
 },
 {
   "movie_seq": 8,
   "review_seq": 19,
   "star_score": 7,
   "document": "호불호가 꽤나 갈릴 작품 묘한 분위기가 신선했으나 개인적으로 어려운 게 더 컸다",
   "label": 1
 },
 {
   "movie_seq": 8,
   "review_seq": 20,
   "star_score": 8,
   "document": "생사 욕망 명예 초자연적 존재 등등 전설을 토대로 흐릿하지만 묵직하게 들려주는 이야기 품격 있게 감각적이다",
   "label": 1
 },
 {
   "movie_seq": 8,
   "review_seq": 21,
   "star_score": 10,
   "document": "예술을 체험하는 방법",
   "label": 1
 },
 {
   "movie_seq": 8,
   "review_seq": 22,
   "star_score": 7,
   "document": "초반부도 흥분 되고 엔딩도 좋았지만 그냥 나같은 평범한 관객은 한번 봐서 디테일들을 이해하기 힘들고 졸린 것도 사실 그래도 영상미와 음악이 좋으니 극장에서 본건 후회 안 함",
   "label": 1
 },
 {
   "movie_seq": 8,
   "review_seq": 23,
   "star_score": 10,
   "document": "꼭 영화관 스크린으로 봐야하는 영화 웅장하고 고풍스러운 색감과 영상미에 압도된다",
   "label": 1
 },
 {
   "movie_seq": 8,
   "review_seq": 24,
   "star_score": 9,
   "document": "고스트 스토리에 이은 또 하나의 수작 영화 러닝타임을 채우는 독특한 카메라워크와 색감 영상미 음악과 음향 극장을 찾아가 영화를 봐야 하는 이유",
   "label": 1
 },
 {
   "movie_seq": 8,
   "review_seq": 25,
   "star_score": 8,
   "document": "놀라운 영상미와 독특한 리듬 강렬한 엔딩 그런데 이상하게 마음을 흔들지는 못한다",
   "label": 1
 },
 {
   "movie_seq": 8,
   "review_seq": 26,
   "star_score": 6,
   "document": "허무",
   "label": 0
 },
 {
   "movie_seq": 8,
   "review_seq": 27,
   "star_score": 8,
   "document": "신비하고도 기괴한 느낌",
   "label": 1
 },
 {
   "movie_seq": 8,
   "review_seq": 28,
   "star_score": 6,
   "document": "재밌는건지 재미없는건지",
   "label": 0
 },
 {
   "movie_seq": 8,
   "review_seq": 29,
   "star_score": 8,
   "document": "의 행보는 앞으로도 기대된다",
   "label": 1
 },
 {
   "movie_seq": 8,
   "review_seq": 30,
   "star_score": 10,
   "document": "극장에서 봐서 더더욱 좋았습니다 연출 연기 영사이 뭐하나 빼놓을 것 없는 명작이었어요ㅜㅜㅠㅠ",
   "label": 1
 },
 {
   "movie_seq": 8,
   "review_seq": 31,
   "star_score": 7,
   "document": "독특하고 기묘한 신화의 재해석",
   "label": 1
 },
 {
   "movie_seq": 8,
   "review_seq": 32,
   "star_score": 8,
   "document": "영화관에서 봐야하는 영화중에 하나입니다",
   "label": 1
 },
 {
   "movie_seq": 8,
   "review_seq": 33,
   "star_score": 8,
   "document": "재미는 모르겠지만 영상미가 죽임",
   "label": 1
 },
 {
   "movie_seq": 8,
   "review_seq": 34,
   "star_score": 8,
   "document": "녹색의 신비함에 빨려들다 보면 어느새 완성되는 설화",
   "label": 1
 },
 {
   "movie_seq": 8,
   "review_seq": 35,
   "star_score": 6,
   "document": "다시 보고올께요",
   "label": 0
 },
 {
   "movie_seq": 8,
   "review_seq": 36,
   "star_score": 7,
   "document": "아름다웠다",
   "label": 1
 },
 {
   "movie_seq": 8,
   "review_seq": 37,
   "star_score": 8,
   "document": "신화를 보는듯한 느낌의 아름다운 영상은 인상적인",
   "label": 1
 },
 {
   "movie_seq": 8,
   "review_seq": 38,
   "star_score": 10,
   "document": "녹색기사의 성장기",
   "label": 1
 },
 {
   "movie_seq": 8,
   "review_seq": 39,
   "star_score": 9,
   "document": "이토록 완벽하고 아름다운 고전의 재해석",
   "label": 1
 },
 {
   "movie_seq": 8,
   "review_seq": 40,
   "star_score": 8,
   "document": "어둡다 하지만 그게 마음에 들어",
   "label": 1
 },
 {
   "movie_seq": 8,
   "review_seq": 41,
   "star_score": 8,
   "document": "영화가 굉장히 정적이에요",
   "label": 1
 },
 {
   "movie_seq": 8,
   "review_seq": 42,
   "star_score": 8,
   "document": "지루하다고 생각했는데 잠들기전까지 영화장면들이 잊혀지지 않는다",
   "label": 1
 },
 {
   "movie_seq": 8,
   "review_seq": 43,
   "star_score": 10,
   "document": "데이빗 로워리의 다음 영화도 너무 기대된다",
   "label": 1
 },
 {
   "movie_seq": 8,
   "review_seq": 44,
   "star_score": 7,
   "document": "루즈하지만 시각적으로는 좋았다",
   "label": 1
 },
 {
   "movie_seq": 8,
   "review_seq": 45,
   "star_score": 10,
   "document": "스릴러영화처럼 마음 졸이며 봤다",
   "label": 1
 },
 {
   "movie_seq": 8,
   "review_seq": 46,
   "star_score": 9,
   "document": "이해하기 어렵지만 관람이 끝나도 계속 생각난다",
   "label": 1
 },
 {
   "movie_seq": 8,
   "review_seq": 47,
   "star_score": 10,
   "document": "좋은 사유영화 입니다",
   "label": 1
 },
 {
   "movie_seq": 8,
   "review_seq": 48,
   "star_score": 8,
   "document": "영화의 수준을 온전히 따라가질 못했다 한 번 더 보고 싶어졌다",
   "label": 1
 },
 {
   "movie_seq": 8,
   "review_seq": 49,
   "star_score": 8,
   "document": "화려한 영상미",
   "label": 1
 },
 {
   "movie_seq": 8,
   "review_seq": 50,
   "star_score": 7,
   "document": "쉽진 않지만 지루함을 이겨낸다면 볼만한 영화",
   "label": 1
 }
]