[
 {
   "moive_seq": 9,
   "review_seq": 0,
   "star_score": 10,
   "document": "대 성인인데 코코랑 자루도 부자간의 애정 부성애로 눈물이 날것 같았네요 아이들은 우는친구들이 없던데 옆에 보니 다들 성인들만 울더라구요  우는건 나이들어 눈물이 많아진게 아니라 아버지 생각나서 감정이 이입",
   "label": 1
 },
 {
   "moive_seq": 9,
   "review_seq": 1,
   "star_score": 10,
   "document": "가벼운 마음으로 보러 갔는데 예상치 못한 감동ㅠㅠ",
   "label": 1
 },
 {
   "moive_seq": 9,
   "review_seq": 2,
   "star_score": 10,
   "document": "조카랑 보러갔는데 오히려 제가 재밌게 보고 왔네요ㅎㅎ포켓몬도 너무 귀여운데 내용이 너무 감동이었어요",
   "label": 1
 },
 {
   "moive_seq": 9,
   "review_seq": 3,
   "star_score": 10,
   "document": "정성껏 잘 만들었지만 너무나도 아바타와 스토리가 비슷",
   "label": 1
 },
 {
   "moive_seq": 9,
   "review_seq": 4,
   "star_score": 10,
   "document": "귀여운 포켓몬들이 많이 나와서 보는 재미가 있었어요 작화도 퀄리티 완전 높고 까지 감동적 ㅠㅜ 추석 영화로 완전 추천입니다",
   "label": 1
 },
 {
   "moive_seq": 9,
   "review_seq": 5,
   "star_score": 10,
   "document": "포켓몬은 못참지ㅜㅜ 감동이다",
   "label": 1
 },
 {
   "moive_seq": 9,
   "review_seq": 6,
   "star_score": 10,
   "document": "어릴때 참 즐겨봤던 포켓몬스터 나이를 먹고 봐도 여전히 흥미진진하고 즐거운 시간을 선사하네요 뭔가 가슴에 남는 찡함도 있어 참 좋았습니다",
   "label": 1
 },
 {
   "moive_seq": 9,
   "review_seq": 7,
   "star_score": 10,
   "document": "윽우지가 너무 귀여워요 윽우지 입덕 영화",
   "label": 1
 },
 {
   "moive_seq": 9,
   "review_seq": 8,
   "star_score": 10,
   "document": "아빠가 된다는건 나자신보다 더 소중한게 생긴거야이부분엣서 눈물나올뻔했습니다",
   "label": 1
 },
 {
   "moive_seq": 9,
   "review_seq": 9,
   "star_score": 10,
   "document": "이번에 신작 포켓몬 영화 나온다고 해서 보러왔는데 생각외로 재미와 감동 거기에더해 부성애 아빠 자루도의 아들을 아끼고 사랑하는 모습까지 생각외로 재미있습니다 돈 안아깝습니다 ㅎㅎ얼른 보세요 거기에 특전까지 완벽",
   "label": 1
 },
 {
   "moive_seq": 9,
   "review_seq": 10,
   "star_score": 10,
   "document": "사랑에 관한 이야기뮤츠편 보다 더 좋았다",
   "label": 1
 },
 {
   "moive_seq": 9,
   "review_seq": 11,
   "star_score": 10,
   "document": "감동 재미 다 있어요포켓몬 시리즈중 탑입니다",
   "label": 1
 },
 {
   "moive_seq": 9,
   "review_seq": 12,
   "star_score": 10,
   "document": "애랑 보러갔다가 나이먹고 울었음",
   "label": 1
 },
 {
   "moive_seq": 9,
   "review_seq": 13,
   "star_score": 10,
   "document": "솔직히 이제 포켓몬스터는 아이들이 보는 영화가 아니다 회차를 거듭할수록 재미는 물론 감동까지아들이랑 보러갔지만 내가 더 재미있게 본 느낌왠만한 영화보다 더 재미있으니 추석에 무슨영화봐야할까 고민되는 사람은 ",
   "label": 1
 },
 {
   "moive_seq": 9,
   "review_seq": 14,
   "star_score": 10,
   "document": "저야 뭐 포켓몬스터 짱구는 못말려 보스베이비 보면서도 우는 사람이라 이번편도 죽죽 울면서 봤습니다만 우리 아들이 이렇게 감수성이 풍부한지 처음 알았네요 초 아들이 펑펑 울면서 봐서 저도 울고 애도 울고 안고",
   "label": 1
 },
 {
   "moive_seq": 9,
   "review_seq": 15,
   "star_score": 10,
   "document": "포켓몬 역대 최고의 극장판이었음 힐링스토린줄 알고 갔다가 감동받고 나왔다",
   "label": 1
 },
 {
   "moive_seq": 9,
   "review_seq": 16,
   "star_score": 10,
   "document": "보고 울었다 포켓몬 너무 좋다",
   "label": 1
 },
 {
   "moive_seq": 9,
   "review_seq": 17,
   "star_score": 10,
   "document": "초 아들이랑 같이 봤습니다 코코와 코코 아빠의 감동씬에서 아이가 많이 울더군요 너무 재밌게 봤다고 합니다 부자간에 좋은 추억을 선물해 주셔서 감사 합니다",
   "label": 1
 },
 {
   "moive_seq": 9,
   "review_seq": 18,
   "star_score": 10,
   "document": "대 남자 입니다혼자 보러 갔습니다 어른이 된 지금 그때의 어렸을때 마음과 아버지의 마음 어른이 된다는 것에 대한 마음이 교차 했습니다저는 생각해봅니다 어른이 되어 감에 따라 우리들의 어렸을때 누군가가 이야",
   "label": 1
 },
 {
   "moive_seq": 9,
   "review_seq": 19,
   "star_score": 10,
   "document": "너무 슬퍼요ㅠㅠ 그래도 재미있고 캐릭터도 좋아요엄청기다렸는데 진짜 추천드려요",
   "label": 1
 },
 {
   "moive_seq": 9,
   "review_seq": 20,
   "star_score": 10,
   "document": "아이들이 완전 감동받은 아주 명작입니다",
   "label": 1
 },
 {
   "moive_seq": 9,
   "review_seq": 21,
   "star_score": 9,
   "document": "살 살 자녀들과 함께 봤습니다 가족의 사랑 자연보호 용기 등등 메세지도 좋습니다",
   "label": 1
 },
 {
   "moive_seq": 9,
   "review_seq": 22,
   "star_score": 10,
   "document": "초딩 아이들 구경시켜주러 갔다가 제가 세번이나 눈물 훔치고 왔네요 생각지도 못하게 재미났습니다",
   "label": 1
 },
 {
   "moive_seq": 9,
   "review_seq": 23,
   "star_score": 10,
   "document": "웃음감동가지전부있다있는영화 너무좋아요",
   "label": 1
 },
 {
   "moive_seq": 9,
   "review_seq": 24,
   "star_score": 10,
   "document": "일하느라 잠도 못자고 아이데리고 비몽사몽 본 영화 첫평점 남긴 감동이라 이루 말할 수 없는 영화 지금까지 본 영화 중 젤 많이 폭풍눈물 흘린 영화 스토리까지 탄탄하며 내 마음에 부모라는 이름을 다시금 새겨준 영",
   "label": 1
 },
 {
   "moive_seq": 9,
   "review_seq": 25,
   "star_score": 10,
   "document": "진짜 너무재밌었다 스토리도 잘되있고 감동스러운 장면도있었다 보면서 눈물나왔다 진짜 꼭 보시는거 추천",
   "label": 1
 },
 {
   "moive_seq": 9,
   "review_seq": 26,
   "star_score": 10,
   "document": "아들과 둘이보러갔는데 기대이상으로 잼있게 보고왔어요 후반부에 살아들 눈물주룩주룩흘리고 저도 눈물닦으면서 봤네요아빠랑 둘이 보게할껄그랬어요잼있게 잘 봤습니다",
   "label": 1
 },
 {
   "moive_seq": 9,
   "review_seq": 27,
   "star_score": 10,
   "document": "아이들이 꼭 보고 싶다고 해서 데리고 갔다가 감동해서 눈물 흘리고 왔네요 아빠 입장이라 더 그런거 같아요 앞 자리에서 어떤애가 엄마 울어 해서 빵 터졌는데 재밌게 잘 봤네요 자루도 대사가",
   "label": 1
 },
 {
   "moive_seq": 9,
   "review_seq": 28,
   "star_score": 10,
   "document": "매 년 아이와 보러갔는데 올 해는 정말 최고였어요 가볍게 갔다가 울다 나왔어요ㅜㅜ 부모의 마음을 정말 잘 보여준 거 같아요서로의 마음이 전해지기를 포스터 문구가 영화 보고나니 알겠더라구요 부모 자식간에 흉흉",
   "label": 1
 },
 {
   "moive_seq": 9,
   "review_seq": 29,
   "star_score": 10,
   "document": "아빠자루도와 코코의 가족애 지우와의 우정 모두 따듯하고 즐겁게 감상했습미다",
   "label": 1
 },
 {
   "moive_seq": 9,
   "review_seq": 30,
   "star_score": 10,
   "document": "감동적이고 아이 어른 다 재미있게 볼 수 있는 영화였습니다",
   "label": 1
 },
 {
   "moive_seq": 9,
   "review_seq": 31,
   "star_score": 10,
   "document": "나이가 들었나이거보고 몇몇 장면에서 눈물 글썽거림둘째가 두돌이 안되서 그런가 애 키우는데 왜 내가 뭉클하냐뻔한 이야기와 갑분 로봇에 당황했지만 뻔한거 좋아하는 나는 너무 재밌게 봤습니다 세 아들은",
   "label": 1
 },
 {
   "moive_seq": 9,
   "review_seq": 32,
   "star_score": 10,
   "document": "아빠 자루도와 코코가 보여주는 사랑에 눈물 잔뜩 흘렸다ㅠㅜ 완전 감동",
   "label": 1
 },
 {
   "moive_seq": 9,
   "review_seq": 33,
   "star_score": 10,
   "document": "믿고 보는 포켓몬스터 ㅠㅠ 단순한 귀여운 포켓몬들의 이야기가 아니라 언제나 끝엔 찡한 감동이 있다 우정 사랑 이런 메시지는 언제나 마음을 울린다",
   "label": 1
 },
 {
   "moive_seq": 9,
   "review_seq": 34,
   "star_score": 10,
   "document": "서로를 위한 마음이 있다면 무엇이든 해낼 수 있어 딱 이 메세지 영화네요 ㅋㅋ 애들이랑 같이 봤는데 어른이 봐도 볼만 합니다 애들 특전에 완전 신났네요 ㅋㅋ",
   "label": 1
 },
 {
   "moive_seq": 9,
   "review_seq": 35,
   "star_score": 10,
   "document": "극장판 시리즈 중 역대급 감동과 모험이다 ㅠㅠㅠ 조카가 졸라서 보러 갔는데 어른인 나도 진짜 재미있고 감동 ㅠㅠ 추석에 가족들 모여 극장 갈 일 있으면 추천입니다 올 추석 최고의 가족 선물",
   "label": 1
 },
 {
   "moive_seq": 9,
   "review_seq": 36,
   "star_score": 10,
   "document": "포켓몬 덕후 아들이랑 아빠랑 보고 왔어요 세 아이라 감동받진 않은 것 같지만 웃겼던 내용을 조잘조잘 말해주는데 무조건 대만족이예요",
   "label": 1
 },
 {
   "moive_seq": 9,
   "review_seq": 37,
   "star_score": 10,
   "document": "아빠 자루도가 코코를 잘키웠어요자루도가 멋져요우리 코코가 달라졌어요스토리도 좋고 감동감동끝",
   "label": 1
 },
 {
   "moive_seq": 9,
   "review_seq": 38,
   "star_score": 10,
   "document": "보다가 눈물 핑돔ㅋㅋㅋ이번건 약간 나이 먹은 사람이 보면 감동먹을 만한 코드가 많음게임 점점 별로여도 요즘엔 극장판은 잘 뽑음부모 자식간의 유대를 느껴보면 극히 공감할 수 있는 작품입니다",
   "label": 1
 },
 {
   "moive_seq": 9,
   "review_seq": 39,
   "star_score": 10,
   "document": "아이와 재미있게 봤어요 이야기 흐름도 매끄럽고 내용도 감동적이고 좋았았어요",
   "label": 1
 },
 {
   "moive_seq": 9,
   "review_seq": 40,
   "star_score": 10,
   "document": "진심으로 정말 강추 애니메이션 영화 강추",
   "label": 1
 },
 {
   "moive_seq": 9,
   "review_seq": 41,
   "star_score": 10,
   "document": "아이들이 보고 펑펑 울었어요ㅠ감동적이였데요",
   "label": 1
 },
 {
   "moive_seq": 9,
   "review_seq": 42,
   "star_score": 10,
   "document": "눈물 줄줄 까지 너무 감동이였어요ㅠ",
   "label": 1
 },
 {
   "moive_seq": 9,
   "review_seq": 43,
   "star_score": 10,
   "document": "어제 이것을 보고 포켓몬 소드 실드 샀어요 그정도로 재미있음",
   "label": 1
 },
 {
   "moive_seq": 9,
   "review_seq": 44,
   "star_score": 9,
   "document": "아이들 영화지만 엄마아빠도 같이 재밌게봤습니다 ",
   "label": 1
 },
 {
   "moive_seq": 9,
   "review_seq": 45,
   "star_score": 10,
   "document": "어린아이들이 너무 시끄러워서 기분이 안좋았지만 영화 자체는 매우 재밌고 감동적이었습니다 영화보다가 눈물난건 매우 오랜만이네요 개인적으로는 역대 포켓몬 극장판 중 탑급이라고 느껴지네요",
   "label": 1
 },
 {
   "moive_seq": 9,
   "review_seq": 46,
   "star_score": 10,
   "document": "살 아이랑 같이 보러 갔는데 둘이 펑펑 울고 왔어요 ㅜㅠ 아이때문에 포켓몬 볼만큼 봤는데 제일 감동적이네요 ㅎㅎ",
   "label": 1
 },
 {
   "moive_seq": 9,
   "review_seq": 47,
   "star_score": 10,
   "document": "살아들이랑 보고왔는데 너무 재밌었어요ㅎ눈물도찔끔나더라구요ㅎㅎ 극장판중에 제일 좋았던거같아요",
   "label": 1
 },
 {
   "moive_seq": 9,
   "review_seq": 48,
   "star_score": 10,
   "document": "부자지간에 보기 너무 좋아요",
   "label": 1
 },
 {
   "moive_seq": 9,
   "review_seq": 49,
   "star_score": 10,
   "document": "드디어 국내에서 개봉하고 개봉하고 일날어제보고왔어요 나이먹어도 포기하기싫은 극장판애니하나입니다 앞으로도더 개봉할때마다 볼까합니다갖고싶던 아빠자루도얻고 좋아요끝나고 나서 운동하기 좋아서 운동하면서 걷어서 집에 왔어",
   "label": 1
 },
 {
   "moive_seq": 9,
   "review_seq": 50,
   "star_score": 10,
   "document": "생각보다 재밌었던 영화배포포켓몬 받으러 성인이 가서눈물 흘리고 나옴어린이 영환데 애들은 명이고 다 성인이더라",
   "label": 1
 }
]